Position,TCond,vc,cat,cont_1,cont_2,Fx
131.4045455,135.5445714,132.075,-124.2868986,-29.70190604,0.432754859,49.23
131.4045455,135.5445714,132.075,-124.2868986,-29.71451118,0.091865884,49.23
131.4045455,135.5445714,132.075,-124.2868986,-29.698246,0.455781354,49.23
131.4045455,135.5445714,132.075,-124.2868986,-29.6920686,0.532964581,49.23
131.4045455,135.5445714,132.075,-124.2868986,-29.71249647,1.058478281,49.23
131.4045455,135.5445714,132.075,-124.2868986,-29.70705993,0.645175816,49.23
133.225,135.5445714,132.075,-124.2868986,31.98277588,0.869314493,81.03
133.225,135.5445714,132.075,-124.2868986,31.97797782,0.824697235,81.03
133.225,135.5445714,132.075,-124.2868986,31.98316277,1.205485177,81.03
133.225,135.5445714,132.075,-124.2868986,31.98145708,1.015168257,81.03
133.225,135.5445714,132.075,-124.2868986,31.98885368,0.754770433,81.03
133.225,135.5445714,132.075,-124.2868986,31.98134842,0.976422423,81.03
139.6883333,135.5445714,132.075,-124.2868986,7.784521801,0.714793937,65.48
139.6883333,135.5445714,132.075,-124.2868986,7.78933801,0.788207892,65.48
139.6883333,135.5445714,132.075,-124.2868986,7.797781508,0.996654266,65.48
139.6883333,135.5445714,132.075,-124.2868986,7.789737075,0.563299185,65.48
139.6883333,135.5445714,132.075,-124.2868986,7.822999652,0.060710281,65.48
139.6883333,135.5445714,132.075,-124.2868986,7.792895387,1.168201156,65.48
138.3391667,135.5445714,145.3916667,-124.2868986,7.801401736,-0.142761763,65.95
138.3391667,135.5445714,145.3916667,-124.2868986,7.80169986,-0.23386871,65.95
138.3391667,135.5445714,145.3916667,-124.2868986,7.808624942,-0.081527834,65.95
138.3391667,135.5445714,145.3916667,-124.2868986,7.811391437,-0.374978341,65.95
138.3391667,135.5445714,145.3916667,-124.2868986,7.813057873,-0.429442559,65.95
138.3391667,135.5445714,145.3916667,-124.2868986,7.808327569,-0.37715802,65.95
138.3708333,135.5445714,145.3916667,-124.2868986,31.94115252,-0.321385612,84.34
138.3708333,135.5445714,145.3916667,-124.2868986,31.93428779,-0.419646806,84.34
138.3708333,135.5445714,145.3916667,-124.2868986,31.95378364,0.073967343,84.34
138.3708333,135.5445714,145.3916667,-124.2868986,31.94067077,-0.338976189,84.34
138.3708333,135.5445714,145.3916667,-124.2868986,31.9453648,-0.113605895,84.34
138.3708333,135.5445714,145.3916667,-124.2868986,31.93876128,-0.2228679,84.34
129.055,135.5445714,145.3916667,-124.2868986,-29.72478665,-0.24171522,51.59
129.055,135.5445714,145.3916667,-124.2868986,-29.74141433,0.22700072,51.59
129.055,135.5445714,145.3916667,-124.2868986,-29.74109248,-0.873951357,51.59
129.055,135.5445714,145.3916667,-124.2868986,-29.72032623,2.531372282,51.59
129.055,135.5445714,145.3916667,-124.2868986,-29.74125065,-0.894721839,51.59
129.055,135.5445714,145.3916667,-124.2868986,-29.73701992,-0.380978262,51.59
138.2291667,135.5445714,145.8066667,-124.2868986,7.795943451,-1.309357858,69.13
138.2291667,135.5445714,145.8066667,-124.2868986,7.795245372,-1.175607546,69.13
138.2291667,135.5445714,145.8066667,-124.2868986,7.78261099,-1.644836281,69.13
138.2291667,135.5445714,145.8066667,-124.2868986,7.786920288,-1.534933222,69.13
138.2291667,135.5445714,145.8066667,-124.2868986,7.780767592,-1.881309323,69.13
138.2291667,135.5445714,145.8066667,-124.2868986,7.786620457,-1.483469203,69.13
136.7941667,135.5445714,145.8066667,-124.2868986,-29.73546342,-0.692990622,55.44
136.7941667,135.5445714,145.8066667,-124.2868986,-29.73739573,-0.929746741,55.44
136.7941667,135.5445714,145.8066667,-124.2868986,-29.70987512,-0.839126985,55.44
136.7941667,135.5445714,145.8066667,-124.2868986,-29.75289829,-0.397078554,55.44
136.7941667,135.5445714,145.8066667,-124.2868986,-29.73941064,-0.661475847,55.44
136.7941667,135.5445714,145.8066667,-124.2868986,-29.7446432,-0.725043557,55.44
160.1583307,135.5445714,145.8066667,-124.2868986,31.87662387,1.8289009,84.61
160.1583307,135.5445714,145.8066667,-124.2868986,31.87411397,2.19445741,84.61
160.1583307,135.5445714,145.8066667,-124.2868986,31.87460443,1.796027206,84.61
160.1583307,135.5445714,145.8066667,-124.2868986,31.87196942,2.223535989,84.61
160.1583307,135.5445714,145.8066667,-124.2868986,31.87957779,1.969394842,84.61
160.1583307,135.5445714,145.8066667,-124.2868986,31.87567746,1.773026076,84.61
133.225,135.5445714,145.8066667,23.59980263,-29.74522478,-1.255098232,110.5
133.225,135.5445714,145.8066667,23.59980263,-29.74873889,-1.304946815,110.5
133.225,135.5445714,145.8066667,23.59980263,-29.75723146,-1.196454361,110.5
133.225,135.5445714,145.8066667,23.59980263,-29.72942843,-1.374308658,110.5
133.225,135.5445714,145.8066667,23.59980263,-29.75695481,-1.449415816,110.5
133.225,135.5445714,145.8066667,23.59980263,-29.72709589,-0.73748225,110.5
139.6883333,135.5445714,145.8066667,23.59980263,31.97060567,1.049169719,171.5
139.6883333,135.5445714,145.8066667,23.59980263,31.95793058,2.318566549,171.5
139.6883333,135.5445714,145.8066667,23.59980263,31.96984382,1.458061857,171.5
139.6883333,135.5445714,145.8066667,23.59980263,31.96569768,1.541117224,171.5
139.6883333,135.5445714,145.8066667,23.59980263,31.9820352,2.053450434,171.5
139.6883333,135.5445714,145.8066667,23.59980263,31.96692296,1.476626817,171.5
138.3391667,135.5445714,145.8066667,23.59980263,7.778990392,2.09140183,141.5
138.3391667,135.5445714,145.8066667,23.59980263,7.794627173,1.846697264,141.5
138.3391667,135.5445714,145.8066667,23.59980263,7.784562601,1.681278792,141.5
138.3391667,135.5445714,145.8066667,23.59980263,7.797557474,2.147866022,141.5
138.3391667,135.5445714,145.8066667,23.59980263,7.791133658,2.194355712,141.5
138.3391667,135.5445714,145.8066667,23.59980263,7.79947888,2.3480043,141.5
138.3708333,135.5445714,145.3916667,23.59980263,7.788718343,0.089429927,141.9
138.3708333,135.5445714,145.3916667,23.59980263,7.794469259,-0.229098495,141.9
138.3708333,135.5445714,145.3916667,23.59980263,7.785469769,0.201358802,141.9
138.3708333,135.5445714,145.3916667,23.59980263,7.785300034,0.194820004,141.9
138.3708333,135.5445714,145.3916667,23.59980263,7.788897374,1.044913494,141.9
138.3708333,135.5445714,145.3916667,23.59980263,7.788897374,1.044913494,141.9
129.055,135.5445714,145.3916667,23.59980263,-29.71292224,-1.187658834,110.1
129.055,135.5445714,145.3916667,23.59980263,-29.72950283,-1.36430879,110.1
129.055,135.5445714,145.3916667,23.59980263,-29.71998414,-1.578396152,110.1
129.055,135.5445714,145.3916667,23.59980263,-29.72672335,-1.39884889,110.1
129.055,135.5445714,145.3916667,23.59980263,-29.71875772,-1.425491034,110.1
129.055,135.5445714,145.3916667,23.59980263,-29.72146874,-1.424567859,110.1
138.2291667,135.5445714,145.3916667,23.59980263,31.76941149,1.445036664,173.5
138.2291667,135.5445714,145.3916667,23.59980263,31.73993378,1.524886761,173.5
138.2291667,135.5445714,145.3916667,23.59980263,31.77939158,1.729537781,173.5
138.2291667,135.5445714,145.3916667,23.59980263,31.72657841,1.971703735,173.5
138.2291667,135.5445714,145.3916667,23.59980263,31.76819281,1.388033834,173.5
138.2291667,135.5445714,145.3916667,23.59980263,31.75689262,1.407521729,173.5
136.7941667,135.5445714,132.075,23.59980263,7.793262863,-1.209557322,144.7
136.7941667,135.5445714,132.075,23.59980263,7.791507338,-0.966160706,144.7
136.7941667,135.5445714,132.075,23.59980263,7.789170694,-1.235122667,144.7
136.7941667,135.5445714,132.075,23.59980263,7.78980962,-1.182556006,144.7
136.7941667,135.5445714,132.075,23.59980263,7.788416323,-1.021265979,144.7
136.7941667,135.5445714,132.075,23.59980263,7.790816523,-1.069678591,144.7
160.1583307,135.5445714,132.075,23.59980263,31.78308497,-0.102656054,179.8
160.1583307,135.5445714,132.075,23.59980263,31.76673979,0.258156801,179.8
160.1583307,135.5445714,132.075,23.59980263,31.73957383,0.177383529,179.8
160.1583307,135.5445714,132.075,23.59980263,31.80174768,-0.411722768,179.8
160.1583307,135.5445714,132.075,23.59980263,31.793013,-0.558678696,179.8
160.1583307,135.5445714,132.075,23.59980263,31.78289832,-0.163454,179.8
136.8482111,135.5445714,132.075,23.59980263,-29.71985737,-1.530700928,107.7
136.8482111,135.5445714,132.075,23.59980263,-29.72583063,-1.096602617,107.7
136.8482111,135.5445714,132.075,23.59980263,-29.72037893,-1.1880941,107.7
136.8482111,135.5445714,132.075,23.59980263,-29.73243645,-1.906668642,107.7
136.8482111,135.5445714,132.075,23.59980263,-29.75227166,-1.421208249,107.7
136.8482111,135.5445714,132.075,23.59980263,-29.7575025,-0.95736494,107.7
131.4045455,135.5445714,132.075,155.4674262,-29.71528232,-0.365669779,159.5
131.4045455,135.5445714,132.075,155.4674262,-29.72300126,-0.526241941,159.5
131.4045455,135.5445714,132.075,155.4674262,-29.70888363,-0.403184236,159.5
131.4045455,135.5445714,132.075,155.4674262,-29.71973551,-0.380798795,159.5
131.4045455,135.5445714,132.075,155.4674262,-29.71297303,-0.325180488,159.5
131.4045455,135.5445714,132.075,155.4674262,-29.71452693,-0.366080159,159.5
133.225,135.5445714,132.075,155.4674262,32.07241699,1.119404007,272.2
133.225,135.5445714,132.075,155.4674262,32.06908089,1.37780138,272.2
133.225,135.5445714,132.075,155.4674262,32.05504442,1.348287296,272.2
133.225,135.5445714,132.075,155.4674262,32.07360296,1.185433039,272.2
133.225,135.5445714,132.075,155.4674262,32.05840125,1.192202511,272.2
133.225,135.5445714,132.075,155.4674262,32.05479658,1.941650057,272.2
139.6883333,135.5445714,132.075,155.4674262,7.89774062,0.809286337,213
139.6883333,135.5445714,132.075,155.4674262,7.89102164,-0.034037441,213
139.6883333,135.5445714,132.075,155.4674262,7.86817343,0.692665253,213
139.6883333,135.5445714,132.075,155.4674262,7.884310643,0.115303236,213
139.6883333,135.5445714,132.075,155.4674262,7.845647737,1.069068711,213
139.6883333,135.5445714,132.075,155.4674262,7.840108353,0.926830596,213
138.3391667,135.5445714,145.3916667,155.4674262,-29.67769159,-0.177455009,162.8
138.3391667,135.5445714,145.3916667,155.4674262,-29.71007605,-0.964032474,162.8
138.3391667,135.5445714,145.3916667,155.4674262,-29.67324056,-0.331642236,162.8
138.3391667,135.5445714,145.3916667,155.4674262,-29.66584434,-0.460110254,162.8
138.3391667,135.5445714,145.3916667,155.4674262,-29.70907622,-0.461725691,162.8
138.3391667,135.5445714,145.3916667,155.4674262,-29.7265379,-1.044369763,162.8
138.3708333,135.5445714,145.3916667,155.4674262,7.825754476,0.467807516,215.7
138.3708333,135.5445714,145.3916667,155.4674262,7.866985756,-1.364847189,215.7
138.3708333,135.5445714,145.3916667,155.4674262,7.866968586,-1.138913132,215.7
138.3708333,135.5445714,145.3916667,155.4674262,7.861365647,-0.752329861,215.7
138.3708333,135.5445714,145.3916667,155.4674262,7.791012109,1.131071953,215.7
138.3708333,135.5445714,145.3916667,155.4674262,7.760951415,2.890980079,215.7
129.055,135.5445714,145.3916667,155.4674262,31.89165777,0.021298984,272.5
129.055,135.5445714,145.3916667,155.4674262,31.97630833,0.151073758,272.5
129.055,135.5445714,145.3916667,155.4674262,31.97288199,0.234872834,272.5
129.055,135.5445714,145.3916667,155.4674262,31.89614206,-0.065961879,272.5
129.055,135.5445714,145.3916667,155.4674262,31.97823304,0.60483991,272.5
129.055,135.5445714,145.3916667,155.4674262,31.9834482,0.210794667,272.5
138.2291667,135.5445714,145.8066667,155.4674262,31.89723801,-0.315333288,283.5
138.2291667,135.5445714,145.8066667,155.4674262,31.99166801,-0.038730367,283.5
138.2291667,135.5445714,145.8066667,155.4674262,31.98914064,0.114149148,283.5
138.2291667,135.5445714,145.8066667,155.4674262,31.90451613,-0.178121428,283.5
138.2291667,135.5445714,145.8066667,155.4674262,31.98812736,0.062633443,283.5
138.2291667,135.5445714,145.8066667,155.4674262,31.98907606,0.135739672,283.5
136.7941667,135.5445714,145.8066667,155.4674262,-29.71269111,-2.129447921,169.4
136.7941667,135.5445714,145.8066667,155.4674262,-29.71309661,-2.088266129,169.4
136.7941667,135.5445714,145.8066667,155.4674262,-29.69361162,-1.559701739,169.4
136.7941667,135.5445714,145.8066667,155.4674262,-29.71626922,-1.653834728,169.4
136.7941667,135.5445714,145.8066667,155.4674262,-29.70733472,-2.006364612,169.4
136.7941667,135.5445714,145.8066667,155.4674262,-29.69556624,-1.659783202,169.4
160.1583307,135.5445714,145.8066667,155.4674262,7.797438411,-0.847205603,226.3
160.1583307,135.5445714,145.8066667,155.4674262,7.788992306,-0.795023479,226.3
160.1583307,135.5445714,145.8066667,155.4674262,7.790841836,-1.121552273,226.3
160.1583307,135.5445714,145.8066667,155.4674262,7.804738052,-0.643503123,226.3
160.1583307,135.5445714,145.8066667,155.4674262,7.816460316,0.264233533,226.3
160.1583307,135.5445714,145.8066667,155.4674262,7.788501394,-1.086730052,226.3
131.4045455,135.5445714,132.075,-124.4873777,7.914752244,0.557247818,64.9
131.4045455,135.5445714,132.075,-124.4873777,7.916578258,0.711973444,64.9
131.4045455,135.5445714,132.075,-124.4873777,7.91555541,0.550811436,64.9
131.4045455,135.5445714,132.075,-124.4873777,7.919316608,0.633764387,64.9
131.4045455,135.5445714,132.075,-124.4873777,7.921291806,0.743051757,64.9
131.4045455,135.5445714,132.075,-124.4873777,7.921291806,0.743051757,64.9
133.225,135.5445714,132.075,-124.4873777,32.12129541,-0.678967832,79.1
133.225,135.5445714,132.075,-124.4873777,32.07884038,-0.789691172,79.1
133.225,135.5445714,132.075,-124.4873777,32.11811761,-0.835847294,79.1
133.225,135.5445714,132.075,-124.4873777,32.1112095,-0.575552363,79.1
133.225,135.5445714,132.075,-124.4873777,32.11283778,-0.581245037,79.1
133.225,135.5445714,132.075,-124.4873777,32.11260177,-0.302333699,79.1
139.6883333,135.5445714,132.075,-124.4873777,-29.63073885,-0.274973212,52.04
139.6883333,135.5445714,132.075,-124.4873777,-29.66179236,-0.505625561,52.04
139.6883333,135.5445714,132.075,-124.4873777,-29.63583374,-0.240894461,52.04
139.6883333,135.5445714,132.075,-124.4873777,-29.64370898,-0.446468655,52.04
139.6883333,135.5445714,132.075,-124.4873777,-29.63685623,-0.155838881,52.04
139.6883333,135.5445714,132.075,-124.4873777,-29.63794133,-0.157326298,52.04
138.3391667,135.5445714,145.3916667,-124.4873777,31.92448999,0.515168933,80.14
138.3391667,135.5445714,145.3916667,-124.4873777,31.93786726,0.557837664,80.14
138.3391667,135.5445714,145.3916667,-124.4873777,32.05824814,-0.62263142,80.14
138.3391667,135.5445714,145.3916667,-124.4873777,31.92742256,0.750411314,80.14
138.3391667,135.5445714,145.3916667,-124.4873777,32.05871261,-0.614656652,80.14
138.3391667,135.5445714,145.3916667,-124.4873777,32.04566452,-0.710122957,80.14
138.3708333,135.5445714,145.3916667,-124.4873777,7.881986857,-0.831949523,66.41
138.3708333,135.5445714,145.3916667,-124.4873777,7.885122153,-0.393722528,66.41
138.3708333,135.5445714,145.3916667,-124.4873777,7.843947565,0.2005122,66.41
138.3708333,135.5445714,145.3916667,-124.4873777,7.881137221,-0.771844078,66.41
138.3708333,135.5445714,145.3916667,-124.4873777,7.838991949,0.183434418,66.41
138.3708333,135.5445714,145.3916667,-124.4873777,7.886664284,-1.089500772,66.41
129.055,135.5445714,145.3916667,-124.4873777,-29.68940689,-0.423801333,52.92
129.055,135.5445714,145.3916667,-124.4873777,-29.69300888,-0.541037867,52.92
129.055,135.5445714,145.3916667,-124.4873777,-29.70195992,-0.879695716,52.92
129.055,135.5445714,145.3916667,-124.4873777,-29.6916643,-1.023805307,52.92
129.055,135.5445714,145.3916667,-124.4873777,-29.69832388,-0.722046703,52.92
129.055,135.5445714,145.3916667,-124.4873777,-29.69405131,-0.642042744,52.92
138.2291667,135.5445714,145.8066667,-124.4873777,7.841107075,-1.814485374,68.78
138.2291667,135.5445714,145.8066667,-124.4873777,7.840761469,-1.744225482,68.78
138.2291667,135.5445714,145.8066667,-124.4873777,7.850797116,-1.751533353,68.78
138.2291667,135.5445714,145.8066667,-124.4873777,7.8442073,-1.812741679,68.78
138.2291667,135.5445714,145.8066667,-124.4873777,7.843204154,-1.773149959,68.78
138.2291667,135.5445714,145.8066667,-124.4873777,7.837983314,-1.931029647,68.78
136.7941667,135.5445714,145.8066667,-124.4873777,31.95553047,-1.074499775,83.42
136.7941667,135.5445714,145.8066667,-124.4873777,31.95060963,-0.783280394,83.42
136.7941667,135.5445714,145.8066667,-124.4873777,31.93862281,-0.718148933,83.42
136.7941667,135.5445714,145.8066667,-124.4873777,31.95713122,-1.106757781,83.42
136.7941667,135.5445714,145.8066667,-124.4873777,31.95873619,-1.128963994,83.42
136.7941667,135.5445714,145.8066667,-124.4873777,31.95788212,-0.752791688,83.42
160.1583307,135.5445714,145.8066667,-124.4873777,-29.67080062,-0.47828996,55.84
160.1583307,135.5445714,145.8066667,-124.4873777,-29.68148862,0.121457497,55.84
160.1583307,135.5445714,145.8066667,-124.4873777,-29.69920865,-0.866796631,55.84
160.1583307,135.5445714,145.8066667,-124.4873777,-29.70687232,-1.156195506,55.84
160.1583307,135.5445714,145.8066667,-124.4873777,-29.69839943,-0.975597049,55.84
160.1583307,135.5445714,145.8066667,-124.4873777,-29.6785551,-0.741328573,55.84
131.4045455,135.5445714,145.8066667,24.56827075,7.878974289,-0.091323109,139.5
131.4045455,135.5445714,145.8066667,24.56827075,7.865494185,0.326364317,139.5
131.4045455,135.5445714,145.8066667,24.56827075,7.859687166,0.275772026,139.5
131.4045455,135.5445714,145.8066667,24.56827075,7.870044037,0.321748681,139.5
131.4045455,135.5445714,145.8066667,24.56827075,7.86230347,0.387803078,139.5
131.4045455,135.5445714,145.8066667,24.56827075,7.86230347,0.387803078,139.5
133.225,135.5445714,145.8066667,24.56827075,31.89157036,-0.0822457,176.5
133.225,135.5445714,145.8066667,24.56827075,31.95631033,-0.52780617,176.5
133.225,135.5445714,145.8066667,24.56827075,31.97004152,-0.384337633,176.5
133.225,135.5445714,145.8066667,24.56827075,31.95650324,-0.464751733,176.5
133.225,135.5445714,145.8066667,24.56827075,31.95955679,-0.241561357,176.5
133.225,135.5445714,145.8066667,24.56827075,31.94663377,-0.07583516,176.5
139.6883333,135.5445714,145.8066667,24.56827075,-29.69068775,-0.726994951,109.1
139.6883333,135.5445714,145.8066667,24.56827075,-29.68932019,-0.892003044,109.1
139.6883333,135.5445714,145.8066667,24.56827075,-29.69090274,-0.90433717,109.1
139.6883333,135.5445714,145.8066667,24.56827075,-29.69645849,-0.939544167,109.1
139.6883333,135.5445714,145.8066667,24.56827075,-29.68909298,-0.873566103,109.1
139.6883333,135.5445714,145.8066667,24.56827075,-29.69506814,-0.9845462,109.1
138.3391667,135.5445714,132.075,24.56827075,31.91018373,0.361468898,177.3
138.3391667,135.5445714,132.075,24.56827075,31.91231339,0.42885685,177.3
138.3391667,135.5445714,132.075,24.56827075,31.91343356,0.451704117,177.3
138.3391667,135.5445714,132.075,24.56827075,31.92170118,0.38400844,177.3
138.3391667,135.5445714,132.075,24.56827075,31.9079772,0.433267177,177.3
138.3391667,135.5445714,132.075,24.56827075,31.91767998,0.391137084,177.3
138.3708333,135.5445714,132.075,24.56827075,7.810413104,-0.622118147,143.5
138.3708333,135.5445714,132.075,24.56827075,7.80458677,-0.315333766,143.5
138.3708333,135.5445714,132.075,24.56827075,7.797146997,-0.212251865,143.5
138.3708333,135.5445714,132.075,24.56827075,7.789308404,-0.317487841,143.5
138.3708333,135.5445714,132.075,24.56827075,7.796100461,-0.487855039,143.5
138.3708333,135.5445714,132.075,24.56827075,7.796858814,-0.232714383,143.5
129.055,135.5445714,132.075,24.56827075,-29.72163571,-1.716351721,112.4
129.055,135.5445714,132.075,24.56827075,-29.70969806,-1.662451745,112.4
129.055,135.5445714,132.075,24.56827075,-29.71292712,-1.861307676,112.4
129.055,135.5445714,132.075,24.56827075,-29.72124949,-2.12326949,112.4
129.055,135.5445714,132.075,24.56827075,-29.71397932,-1.770867387,112.4
129.055,135.5445714,132.075,24.56827075,-29.72476577,-1.518880553,112.4
138.2291667,135.5445714,145.3916667,24.56827075,-29.78088799,-1.767866471,116.2
138.2291667,135.5445714,145.3916667,24.56827075,-29.78002447,-1.99013391,116.2
138.2291667,135.5445714,145.3916667,24.56827075,-29.77856512,-1.749429769,116.2
138.2291667,135.5445714,145.3916667,24.56827075,-29.75506236,-1.228711411,116.2
138.2291667,135.5445714,145.3916667,24.56827075,-29.76594934,-1.959901721,116.2
138.2291667,135.5445714,145.3916667,24.56827075,-29.77669589,-1.422593011,116.2
136.7941667,135.5445714,145.3916667,24.56827075,7.717379334,-1.004879742,144.9
136.7941667,135.5445714,145.3916667,24.56827075,7.685395918,-0.280895365,144.9
136.7941667,135.5445714,145.3916667,24.56827075,7.701576481,-0.481110454,144.9
136.7941667,135.5445714,145.3916667,24.56827075,7.712878954,-0.268894807,144.9
136.7941667,135.5445714,145.3916667,24.56827075,7.699030788,-0.894874268,144.9
136.7941667,135.5445714,145.3916667,24.56827075,7.70466063,-1.164964712,144.9
160.1583307,135.5445714,145.3916667,24.56827075,31.84129904,1.594812608,177.5
160.1583307,135.5445714,145.3916667,24.56827075,31.84267298,1.289515644,177.5
160.1583307,135.5445714,145.3916667,24.56827075,31.84340519,1.73928137,177.5
160.1583307,135.5445714,145.3916667,24.56827075,31.84021482,1.518039521,177.5
160.1583307,135.5445714,145.3916667,24.56827075,31.84520473,2.039732024,177.5
160.1583307,135.5445714,145.3916667,24.56827075,31.8407427,1.529501919,177.5
131.4045455,135.5445714,145.8066667,161.4817983,7.903683624,-1.428696781,224.2
131.4045455,135.5445714,145.8066667,161.4817983,7.902641514,-1.107886026,224.2
131.4045455,135.5445714,145.8066667,161.4817983,7.896814479,-0.888900907,224.2
131.4045455,135.5445714,145.8066667,161.4817983,7.888005039,-0.986393028,224.2
131.4045455,135.5445714,145.8066667,161.4817983,7.884679712,-1.006316907,224.2
131.4045455,135.5445714,145.8066667,161.4817983,7.889263995,-0.832590338,224.2
133.225,135.5445714,145.8066667,161.4817983,-29.64816913,-1.512470253,165.7
133.225,135.5445714,145.8066667,161.4817983,-29.6605124,-1.21809681,165.7
133.225,135.5445714,145.8066667,161.4817983,-29.65375329,-1.511521474,165.7
133.225,135.5445714,145.8066667,161.4817983,-29.66467455,-1.63457894,165.7
133.225,135.5445714,145.8066667,161.4817983,-29.63805028,-1.480289298,165.7
133.225,135.5445714,145.8066667,161.4817983,-29.61738874,-0.810051035,165.7
139.6883333,135.5445714,145.8066667,161.4817983,31.93387703,0.941164935,289.6
139.6883333,135.5445714,145.8066667,161.4817983,31.93768349,0.796183377,289.6
139.6883333,135.5445714,145.8066667,161.4817983,31.93785889,0.484373219,289.6
139.6883333,135.5445714,145.8066667,161.4817983,31.93115837,1.127174183,289.6
139.6883333,135.5445714,145.8066667,161.4817983,31.94078384,0.684947241,289.6
139.6883333,135.5445714,145.8066667,161.4817983,31.93199214,0.59135289,289.6
138.3391667,135.5445714,132.075,161.4817983,-29.66739102,-1.498546533,172.4
138.3391667,135.5445714,132.075,161.4817983,-29.66457902,-1.672708847,172.4
138.3391667,135.5445714,132.075,161.4817983,-29.66449077,-1.686658409,172.4
138.3391667,135.5445714,132.075,161.4817983,-29.66239928,-1.660887755,172.4
138.3391667,135.5445714,132.075,161.4817983,-29.66705679,-1.678375916,172.4
138.3391667,135.5445714,132.075,161.4817983,-29.67071699,-1.389387183,172.4
138.3708333,135.5445714,132.075,161.4817983,31.91290935,1.062401894,288.5
138.3708333,135.5445714,132.075,161.4817983,31.91611007,0.650176228,288.5
138.3708333,135.5445714,132.075,161.4817983,31.8981538,0.595070955,288.5
138.3708333,135.5445714,132.075,161.4817983,31.89446236,1.026989588,288.5
138.3708333,135.5445714,132.075,161.4817983,31.89446236,1.026989588,288.5
138.3708333,135.5445714,132.075,161.4817983,31.92143399,0.609507471,288.5
129.055,135.5445714,132.075,161.4817983,7.804493356,-1.978903143,231.4
129.055,135.5445714,132.075,161.4817983,7.797273625,-1.842614457,231.4
129.055,135.5445714,132.075,161.4817983,7.803117733,-1.893360611,231.4
129.055,135.5445714,132.075,161.4817983,7.795642718,-1.842793924,231.4
129.055,135.5445714,132.075,161.4817983,7.810324962,-1.764790176,231.4
129.055,135.5445714,132.075,161.4817983,7.803975116,-1.925336495,231.4
138.2291667,135.5445714,145.3916667,161.4817983,-29.6707338,-0.691659935,175.1
138.2291667,135.5445714,145.3916667,161.4817983,-29.68401566,-0.830128299,175.1
138.2291667,135.5445714,145.3916667,161.4817983,-29.67403391,-0.335308854,175.1
138.2291667,135.5445714,145.3916667,161.4817983,-29.67822036,-0.842410978,175.1
138.2291667,135.5445714,145.3916667,161.4817983,-29.69404644,-0.900183121,175.1
138.2291667,135.5445714,145.3916667,161.4817983,-29.68960249,-0.713378957,175.1
136.7941667,135.5445714,145.3916667,161.4817983,31.89219929,0.07409608,288.6
136.7941667,135.5445714,145.3916667,161.4817983,31.86887149,0.709512122,288.6
136.7941667,135.5445714,145.3916667,161.4817983,31.88758981,0.551299105,288.6
136.7941667,135.5445714,145.3916667,161.4817983,31.88869226,0.374982717,288.6
136.7941667,135.5445714,145.3916667,161.4817983,31.8861154,0.447447892,288.6
136.7941667,135.5445714,145.3916667,161.4817983,31.88979177,0.263977255,288.6
160.1583307,135.5445714,145.3916667,161.4817983,7.744149716,-1.479673131,236.9
160.1583307,135.5445714,145.3916667,161.4817983,7.785119113,-1.942798575,236.9
160.1583307,135.5445714,145.3916667,161.4817983,7.77713654,-2.11834589,236.9
160.1583307,135.5445714,145.3916667,161.4817983,7.770903952,-2.262224567,236.9
160.1583307,135.5445714,145.3916667,161.4817983,7.782797124,-1.901694073,236.9
160.1583307,135.5445714,145.3916667,161.4817983,7.776661985,-2.147039454,236.9
131.4045455,135.5445714,132.075,-124.2874384,31.95291533,1.699458499,80.23
131.4045455,135.5445714,132.075,-124.2874384,31.98316381,1.454548862,80.23
131.4045455,135.5445714,132.075,-124.2874384,31.94592361,1.77005172,80.23
131.4045455,135.5445714,132.075,-124.2874384,31.94598035,1.806925361,80.23
131.4045455,135.5445714,132.075,-124.2874384,31.94938175,1.994498838,80.23
131.4045455,135.5445714,132.075,-124.2874384,31.94066111,2.291334082,80.23
133.225,135.5445714,132.075,-124.2874384,-17.23777022,2.218715522,63.37
133.225,135.5445714,132.075,-124.2874384,-17.27830661,2.130019167,63.37
133.225,135.5445714,132.075,-124.2874384,-17.25906426,2.029065259,63.37
133.225,135.5445714,132.075,-124.2874384,-17.28210659,2.962650338,63.37
133.225,135.5445714,132.075,-124.2874384,-17.27849865,3.323463193,63.37
133.225,135.5445714,132.075,-124.2874384,-17.26630285,2.161405205,63.37
139.6883333,135.5445714,132.075,-124.2874384,-0.021164435,1.723306469,70.71
139.6883333,135.5445714,132.075,-124.2874384,-0.058177429,3.501497673,70.71
139.6883333,135.5445714,132.075,-124.2874384,-0.060754688,4.167428503,70.71
139.6883333,135.5445714,132.075,-124.2874384,-0.058499188,3.431160969,70.71
139.6883333,135.5445714,132.075,-124.2874384,-0.061746756,3.95223826,70.71
139.6883333,135.5445714,132.075,-124.2874384,-0.057940208,3.818795672,70.71
138.3391667,135.5445714,132.075,-124.2874384,31.89985843,0.984320379,79.98
138.3391667,135.5445714,132.075,-124.2874384,31.90933132,0.942369753,79.98
138.3391667,135.5445714,132.075,-124.2874384,31.91240368,1.096659156,79.98
138.3391667,135.5445714,132.075,-124.2874384,31.87881145,1.465036638,79.98
138.3391667,135.5445714,132.075,-124.2874384,31.88883418,1.316208757,79.98
138.3391667,135.5445714,132.075,-124.2874384,31.89706456,0.974986691,79.98
138.3708333,135.5445714,132.075,-124.2874384,-29.76133868,-0.359105377,51.5
138.3708333,135.5445714,132.075,-124.2874384,-29.76207862,-0.564654207,51.5
138.3708333,135.5445714,132.075,-124.2874384,-29.76173679,-0.450622943,51.5
138.3708333,135.5445714,132.075,-124.2874384,-29.75147971,-0.871669263,51.5
138.3708333,135.5445714,132.075,-124.2874384,-29.76481234,-0.528319204,51.5
138.3708333,135.5445714,132.075,-124.2874384,-29.76552368,-0.766356714,51.5
129.055,135.5445714,132.075,-124.2874384,-17.28162521,-0.023832264,63.52
129.055,135.5445714,132.075,-124.2874384,-17.31245341,-0.55442271,63.52
129.055,135.5445714,132.075,-124.2874384,-17.31144516,-0.886464711,63.52
129.055,135.5445714,132.075,-124.2874384,-17.30945599,-1.457390345,63.52
129.055,135.5445714,132.075,-124.2874384,-17.31531009,-1.282586978,63.52
129.055,135.5445714,132.075,-124.2874384,-17.30725021,-1.175479048,63.52
138.2291667,135.5445714,132.075,-124.2874384,-29.83358679,0.524067354,55.29
138.2291667,135.5445714,132.075,-124.2874384,-29.83117534,-0.47044369,55.29
138.2291667,135.5445714,132.075,-124.2874384,-29.83452935,-0.657734329,55.29
138.2291667,135.5445714,132.075,-124.2874384,-29.81752406,-0.44490371,55.29
138.2291667,135.5445714,132.075,-124.2874384,-29.82640447,-0.301050397,55.29
138.2291667,135.5445714,132.075,-124.2874384,-29.82485045,-0.319256185,55.29
136.7941667,135.5445714,132.075,-124.2874384,-0.198822173,2.063605359,74.77
136.7941667,135.5445714,132.075,-124.2874384,-0.184890351,1.993935313,74.77
136.7941667,135.5445714,132.075,-124.2874384,-0.210007037,2.412212586,74.77
136.7941667,135.5445714,132.075,-124.2874384,-0.209680544,1.814080087,74.77
136.7941667,135.5445714,132.075,-124.2874384,-0.200856107,2.827130726,74.77
136.7941667,135.5445714,132.075,-124.2874384,-0.201905868,2.490318988,74.77
131.4045455,135.5445714,132.075,21.80628603,32.15158073,0.126969987,168
131.4045455,135.5445714,132.075,21.80628603,32.08769352,0.304619692,168
131.4045455,135.5445714,132.075,21.80628603,32.08265213,0.529912935,168
131.4045455,135.5445714,132.075,21.80628603,32.10001971,0.045504214,168
131.4045455,135.5445714,132.075,21.80628603,32.09243114,0.770489056,168
131.4045455,135.5445714,132.075,21.80628603,32.11389701,0.344493532,168
133.225,135.5445714,132.075,21.80628603,0.091025775,0.772335406,148.5
133.225,135.5445714,132.075,21.80628603,0.089704061,1.206562215,148.5
133.225,135.5445714,132.075,21.80628603,0.114443373,0.825286842,148.5
133.225,135.5445714,132.075,21.80628603,0.109965338,0.984320379,148.5
133.225,135.5445714,132.075,21.80628603,0.092848916,0.80997836,148.5
133.225,135.5445714,132.075,21.80628603,0.108651235,0.703460276,148.5
139.6883333,135.5445714,132.075,21.80628603,-17.1080605,0.249847748,125.1
139.6883333,135.5445714,132.075,21.80628603,-17.13668477,0.193921955,125.1
139.6883333,135.5445714,132.075,21.80628603,-17.1463311,1.092915487,125.1
139.6883333,135.5445714,132.075,21.80628603,-17.15006138,0.623892061,125.1
139.6883333,135.5445714,132.075,21.80628603,-17.15346647,1.030168775,125.1
139.6883333,135.5445714,132.075,21.80628603,-17.11765482,0.198434937,125.1
138.3391667,135.5445714,132.075,21.80628603,0.048138133,0.130688052,153.3
138.3391667,135.5445714,132.075,21.80628603,0.06624899,0.269566796,153.3
138.3391667,135.5445714,132.075,21.80628603,0.110457968,-0.198815576,153.3
138.3391667,135.5445714,132.075,21.80628603,0.124020724,-0.459469439,153.3
138.3391667,135.5445714,132.075,21.80628603,0.065466026,-0.059167519,153.3
138.3391667,135.5445714,132.075,21.80628603,0.085919043,-0.245869029,153.3
138.3708333,135.5445714,132.075,21.80628603,-29.6814871,0.433934074,104.3
138.3708333,135.5445714,132.075,21.80628603,-29.6985424,-0.264382781,104.3
138.3708333,135.5445714,132.075,21.80628603,-29.68402707,-0.125273124,104.3
138.3708333,135.5445714,132.075,21.80628603,-29.68806322,-0.354284671,104.3
138.3708333,135.5445714,132.075,21.80628603,-29.68715485,0.138380938,104.3
138.3708333,135.5445714,132.075,21.80628603,-29.68802516,-0.074424555,104.3
129.055,135.5445714,132.075,21.80628603,-17.20202647,-0.362926097,128.2
129.055,135.5445714,132.075,21.80628603,-17.20273451,-0.174019304,128.2
129.055,135.5445714,132.075,21.80628603,-17.2059805,-0.332078458,128.2
129.055,135.5445714,132.075,21.80628603,-17.18713012,-0.621298105,128.2
129.055,135.5445714,132.075,21.80628603,-17.19959707,-0.277024393,128.2
129.055,135.5445714,132.075,21.80628603,-17.20366683,-0.297948499,128.2
138.2291667,135.5445714,132.075,21.80628603,31.93928226,0.296671005,174.1
138.2291667,135.5445714,132.075,21.80628603,31.94368128,0.711332629,174.1
138.2291667,135.5445714,132.075,21.80628603,31.94368128,0.711332629,174.1
138.2291667,135.5445714,132.075,21.80628603,31.95631332,0.009887555,174.1
138.2291667,135.5445714,132.075,21.80628603,31.95959583,0.964191429,174.1
138.2291667,135.5445714,132.075,21.80628603,31.95435633,0.112610762,174.1
136.7941667,135.5445714,132.075,21.80628603,-29.71808594,-0.508497262,111.5
136.7941667,135.5445714,132.075,21.80628603,-29.72780853,-0.884259667,111.5
136.7941667,135.5445714,132.075,21.80628603,-29.72247475,-1.121066037,111.5
136.7941667,135.5445714,132.075,21.80628603,-29.73076769,-0.875233704,111.5
136.7941667,135.5445714,132.075,21.80628603,-29.72571142,-0.793972762,111.5
136.7941667,135.5445714,132.075,21.80628603,-29.73302566,-1.158247643,111.5
131.4045455,122.793125,132.075,-60.14199336,-0.087885263,1.111918342,105.6
131.4045455,122.793125,132.075,-60.14199336,-0.08459702,1.723615389,105.6
131.4045455,122.793125,132.075,-60.14199336,-0.061582145,3.876133026,105.6
131.4045455,122.793125,132.075,-60.14199336,-0.123332631,0.392190191,105.6
131.4045455,122.793125,132.075,-60.14199336,-0.089536828,1.189127173,105.6
131.4045455,122.793125,132.075,-60.14199336,-0.06335295,0.659793231,105.6
133.225,122.793125,132.075,-60.14199336,-0.178523291,-0.80384461,106.8
133.225,122.793125,132.075,-60.14199336,-0.15946766,-0.10180969,106.8
133.225,122.793125,132.075,-60.14199336,-0.174840951,-0.584474715,106.8
133.225,122.793125,132.075,-60.14199336,-0.16547171,-0.113143352,106.8
133.225,122.793125,132.075,-60.14199336,-0.152462845,0.203077133,106.8
133.225,122.793125,132.075,-60.14199336,-0.16408208,0.343725176,106.8
139.6883333,122.793125,132.075,-60.14199336,-29.68203643,-1.00777872,74.01
139.6883333,122.793125,132.075,-60.14199336,-29.66882228,-1.206198667,74.01
139.6883333,122.793125,132.075,-60.14199336,-29.67029805,-1.110527292,74.01
139.6883333,122.793125,132.075,-60.14199336,-29.69095454,-1.117963183,74.01
139.6883333,122.793125,132.075,-60.14199336,-29.70069304,-0.928749144,74.01
139.6883333,122.793125,132.075,-60.14199336,-29.70367039,-1.040857007,74.01
138.3391667,122.793125,132.075,-60.14199336,31.70121577,-1.499290242,117.9
138.3391667,122.793125,132.075,-60.14199336,31.7282436,-1.171761222,117.9
138.3391667,122.793125,132.075,-60.14199336,31.73037454,0.025760279,117.9
138.3391667,122.793125,132.075,-60.14199336,31.73499599,-0.491444846,117.9
138.3391667,122.793125,132.075,-60.14199336,31.70854218,0.484142784,117.9
138.3391667,122.793125,132.075,-60.14199336,31.73641706,-0.516548842,117.9
138.3708333,122.793125,132.075,-60.14199336,31.73538972,0.044966293,115.9
138.3708333,122.793125,132.075,-60.14199336,31.72276616,-0.147428129,115.9
138.3708333,122.793125,132.075,-60.14199336,31.7167721,-0.827641373,115.9
138.3708333,122.793125,132.075,-60.14199336,31.71693251,-0.389004238,115.9
138.3708333,122.793125,132.075,-60.14199336,31.72290718,-0.466751468,115.9
138.3708333,122.793125,132.075,-60.14199336,31.71709883,-0.750509115,115.9
129.055,122.793125,132.075,-60.14199336,-17.32599499,-1.149195359,84.33
129.055,122.793125,132.075,-60.14199336,-17.32184643,-1.238302332,84.33
129.055,122.793125,132.075,-60.14199336,-17.31216957,-1.150349209,84.33
129.055,122.793125,132.075,-60.14199336,-17.32206181,-0.592193922,84.33
129.055,122.793125,132.075,-60.14199336,-17.30931819,-1.197197592,84.33
129.055,122.793125,132.075,-60.14199336,-17.30952269,-1.231045669,84.33
138.2291667,122.793125,132.075,-60.14199336,-29.73895002,-0.583193563,70.45
138.2291667,122.793125,132.075,-60.14199336,-29.72256767,-0.744970543,70.45
138.2291667,122.793125,132.075,-60.14199336,-29.72993188,-0.303564121,70.45
138.2291667,122.793125,132.075,-60.14199336,-29.73319797,-0.492881294,70.45
138.2291667,122.793125,132.075,-60.14199336,-29.73517547,-0.807178855,70.45
138.2291667,122.793125,132.075,-60.14199336,-29.73212775,-0.660761327,70.45
136.7941667,122.793125,132.075,-60.14199336,-17.30775493,-1.387540355,84.6
136.7941667,122.793125,132.075,-60.14199336,-17.29271439,-1.346076681,84.6
136.7941667,122.793125,132.075,-60.14199336,-17.29350661,-1.30969047,84.6
136.7941667,122.793125,132.075,-60.14199336,-17.29362061,-1.209121338,84.6
136.7941667,122.793125,132.075,-60.14199336,-17.31083512,-1.320870508,84.6
136.7941667,122.793125,132.075,-60.14199336,-17.29617377,-1.560446404,84.6
131.4045455,122.793125,132.075,31.80149299,-17.15173297,-1.238764159,145.1
131.4045455,122.793125,132.075,31.80149299,-17.16878539,-1.622732006,145.1
131.4045455,122.793125,132.075,31.80149299,-17.18003064,-0.861642835,145.1
131.4045455,122.793125,132.075,31.80149299,-17.19856836,-1.006650236,145.1
131.4045455,122.793125,132.075,31.80149299,-17.20218657,-1.413798679,145.1
131.4045455,122.793125,132.075,31.80149299,-17.17773877,-1.095654555,145.1
133.225,122.793125,132.075,31.80149299,-29.66606844,-1.523137495,117.9
133.225,122.793125,132.075,31.80149299,-29.67624263,-1.46903221,117.9
133.225,122.793125,132.075,31.80149299,-29.66619584,-1.462365392,117.9
133.225,122.793125,132.075,31.80149299,-29.64175986,-1.74045597,117.9
133.225,122.793125,132.075,31.80149299,-29.65812625,-1.930055264,117.9
133.225,122.793125,132.075,31.80149299,-29.67972594,-1.332948595,117.9
139.6883333,122.793125,132.075,31.80149299,31.90886936,-0.890131568,181.3
139.6883333,122.793125,132.075,31.80149299,31.94172162,0.224282881,181.3
139.6883333,122.793125,132.075,31.80149299,31.89397035,-0.942903538,181.3
139.6883333,122.793125,132.075,31.80149299,31.90600154,0.194819526,181.3
139.6883333,122.793125,132.075,31.80149299,31.92060758,0.38367535,181.3
139.6883333,122.793125,132.075,31.80149299,31.92018341,-0.19732792,181.3
138.3391667,122.793125,132.075,31.80149299,31.88595676,0.425625977,185.2
138.3391667,122.793125,132.075,31.80149299,31.86772726,-0.19917427,185.2
138.3391667,122.793125,132.075,31.80149299,31.88291469,0.348263283,185.2
138.3391667,122.793125,132.075,31.80149299,31.8778342,0.433498329,185.2
138.3391667,122.793125,132.075,31.80149299,31.87742055,0.134483407,185.2
138.3391667,122.793125,132.075,31.80149299,31.87694389,1.255923845,185.2
138.3708333,122.793125,132.075,31.80149299,-0.022669315,-1.505494994,162.2
138.3708333,122.793125,132.075,31.80149299,-0.035394739,-1.616782576,162.2
138.3708333,122.793125,132.075,31.80149299,-0.045500632,-1.820972247,162.2
138.3708333,122.793125,132.075,31.80149299,-0.033324029,-1.884795758,162.2
138.3708333,122.793125,132.075,31.80149299,-0.046625793,-1.911489587,162.2
138.3708333,122.793125,132.075,31.80149299,-0.040150634,-2.198682939,162.2
129.055,122.793125,132.075,31.80149299,-29.6570041,-1.662888206,114.3
129.055,122.793125,132.075,31.80149299,-29.66600642,-1.792484232,114.3
129.055,122.793125,132.075,31.80149299,-29.66516759,-1.67342719,114.3
129.055,122.793125,132.075,31.80149299,-29.66044994,-1.551139037,114.3
129.055,122.793125,132.075,31.80149299,-29.66877706,-1.725198935,114.3
129.055,122.793125,132.075,31.80149299,-29.65355032,-1.701992735,114.3
138.2291667,122.793125,132.075,31.80149299,-17.2129995,-2.2684822,137.8
138.2291667,122.793125,132.075,31.80149299,-17.21158846,-2.278482546,137.8
138.2291667,122.793125,132.075,31.80149299,-17.21292567,-2.260584244,137.8
138.2291667,122.793125,132.075,31.80149299,-17.20774737,-2.117833811,137.8
138.2291667,122.793125,132.075,31.80149299,-17.21215436,-2.252276147,137.8
138.2291667,122.793125,132.075,31.80149299,-17.21682756,-2.063985043,137.8
136.7941667,122.793125,132.075,31.80149299,-0.038268346,-2.539982294,161.3
136.7941667,122.793125,132.075,31.80149299,-0.033167342,-2.405052529,161.3
136.7941667,122.793125,132.075,31.80149299,-0.036498689,-2.429925373,161.3
136.7941667,122.793125,132.075,31.80149299,-0.023280448,-2.496954392,161.3
136.7941667,122.793125,132.075,31.80149299,-0.033876246,-2.322638216,161.3
136.7941667,122.793125,132.075,31.80149299,-0.036148954,-2.349049924,161.3
131.4045455,156.606875,132.075,-81.06973383,-29.67956769,1.812669243,95.69
131.4045455,156.606875,132.075,-81.06973383,-29.65807222,1.103172828,95.69
131.4045455,156.606875,132.075,-81.06973383,-29.68118381,1.804976596,95.69
131.4045455,156.606875,132.075,-81.06973383,-29.64465932,2.200663118,95.69
131.4045455,156.606875,132.075,-81.06973383,-29.65266548,1.355467147,95.69
131.4045455,156.606875,132.075,-81.06973383,-29.64781822,0.966319422,95.69
133.225,156.606875,132.075,-81.06973383,-17.15036866,0.418113752,107
133.225,156.606875,132.075,-81.06973383,-17.19004044,0.788207892,107
133.225,156.606875,132.075,-81.06973383,-17.14420501,1.056452942,107
133.225,156.606875,132.075,-81.06973383,-17.13981308,0.688562651,107
133.225,156.606875,132.075,-81.06973383,-17.18862708,0.56988943,107
133.225,156.606875,132.075,-81.06973383,-17.19306459,0.661278976,107
139.6883333,156.606875,132.075,-81.06973383,-29.63431802,1.786412353,94.42
139.6883333,156.606875,132.075,-81.06973383,-29.60920287,0.366803117,94.42
139.6883333,156.606875,132.075,-81.06973383,-29.61106562,0.133688729,94.42
139.6883333,156.606875,132.075,-81.06973383,-29.60250017,0.284516824,94.42
139.6883333,156.606875,132.075,-81.06973383,-29.59437838,0.778669611,94.42
139.6883333,156.606875,132.075,-81.06973383,-29.58771897,0.479013635,94.42
138.3391667,156.606875,132.075,-81.06973383,31.93051328,0.355289033,128.6
138.3391667,156.606875,132.075,-81.06973383,31.91665218,0.829568911,128.6
138.3391667,156.606875,132.075,-81.06973383,31.92596251,0.213846074,128.6
138.3391667,156.606875,132.075,-81.06973383,31.93084271,0.053633084,128.6
138.3391667,156.606875,132.075,-81.06973383,31.92000769,0.084429276,128.6
138.3391667,156.606875,132.075,-81.06973383,31.90529375,1.003551997,128.6
138.3708333,156.606875,132.075,-81.06973383,-0.040423896,0.805311277,117.5
138.3708333,156.606875,132.075,-81.06973383,-0.040423896,0.805311277,117.5
138.3708333,156.606875,132.075,-81.06973383,-0.041045245,0.468012586,117.5
138.3708333,156.606875,132.075,-81.06973383,-0.061892234,0.107097077,117.5
138.3708333,156.606875,132.075,-81.06973383,-0.015905782,0.678459173,117.5
138.3708333,156.606875,132.075,-81.06973383,-0.021406601,0.349621964,117.5
129.055,156.606875,132.075,-81.06973383,-0.039561061,0.925471199,117.5
129.055,156.606875,132.075,-81.06973383,-0.067892091,0.779438207,117.5
129.055,156.606875,132.075,-81.06973383,-0.055992401,0.917316964,117.5
129.055,156.606875,132.075,-81.06973383,-0.047312865,-0.282922376,117.5
129.055,156.606875,132.075,-81.06973383,-0.044737378,0.902623932,117.5
129.055,156.606875,132.075,-81.06973383,-0.056640914,1.361236633,117.5
138.2291667,156.606875,132.075,-81.06973383,-17.22897825,3.452905355,106.6
138.2291667,156.606875,132.075,-81.06973383,-17.22068773,3.035397395,106.6
138.2291667,156.606875,132.075,-81.06973383,-17.22265502,3.18322529,106.6
138.2291667,156.606875,132.075,-81.06973383,-17.22308045,2.586528762,106.6
138.2291667,156.606875,132.075,-81.06973383,-17.21306166,2.524987346,106.6
138.2291667,156.606875,132.075,-81.06973383,-17.22521081,2.380005549,106.6
136.7941667,156.606875,132.075,-81.06973383,31.88028625,0.386162276,127.8
136.7941667,156.606875,132.075,-81.06973383,31.8809516,0.321825732,127.8
136.7941667,156.606875,132.075,-81.06973383,31.88977137,0.445754926,127.8
136.7941667,156.606875,132.075,-81.06973383,31.86498343,1.1282249,127.8
136.7941667,156.606875,132.075,-81.06973383,31.86741792,0.907470242,127.8
136.7941667,156.606875,132.075,-81.06973383,31.88356979,0.68627984,127.8
131.4045455,156.606875,132.075,81.00548734,0.017332297,0.493220432,213.5
131.4045455,156.606875,132.075,81.00548734,0.004235757,0.810646452,213.5
131.4045455,156.606875,132.075,81.00548734,-0.007485981,0.495733201,213.5
131.4045455,156.606875,132.075,81.00548734,-0.019256041,1.082967783,213.5
131.4045455,156.606875,132.075,81.00548734,0.018318667,0.732899221,213.5
131.4045455,156.606875,132.075,81.00548734,-0.022496111,1.325031083,213.5
133.225,156.606875,132.075,81.00548734,-29.68007846,0.31085172,170.1
133.225,156.606875,132.075,81.00548734,-29.67440314,-0.405388802,170.1
133.225,156.606875,132.075,81.00548734,-29.67987163,3.792666085,170.1
133.225,156.606875,132.075,81.00548734,-29.67597353,3.60701577,170.1
133.225,156.606875,132.075,81.00548734,-29.68105982,1.762333708,170.1
133.225,156.606875,132.075,81.00548734,-29.69036469,-0.096808801,170.1
139.6883333,156.606875,132.075,81.00548734,31.93578686,0.186716978,230
139.6883333,156.606875,132.075,81.00548734,31.94264988,0.870110126,230
139.6883333,156.606875,132.075,81.00548734,31.92479046,0.806978639,230
139.6883333,156.606875,132.075,81.00548734,31.91433101,0.512758819,230
139.6883333,156.606875,132.075,81.00548734,31.90927969,1.202895836,230
139.6883333,156.606875,132.075,81.00548734,31.92652047,0.282439799,230
138.3391667,156.606875,132.075,81.00548734,-17.2092878,2.56019506,195
138.3391667,156.606875,132.075,81.00548734,-17.2396305,2.412315957,195
138.3391667,156.606875,132.075,81.00548734,-17.2497868,2.613966778,195
138.3391667,156.606875,132.075,81.00548734,-17.19722881,2.58204234,195
138.3391667,156.606875,132.075,81.00548734,-17.21521891,2.590401884,195
138.3391667,156.606875,132.075,81.00548734,-17.23902044,2.877877358,195
138.3708333,156.606875,132.075,81.00548734,-29.66018377,0.893522352,168.7
138.3708333,156.606875,132.075,81.00548734,-29.65019092,1.057018379,168.7
138.3708333,156.606875,132.075,81.00548734,-29.6440787,0.493041444,168.7
138.3708333,156.606875,132.075,81.00548734,-29.65626706,1.1792034,168.7
138.3708333,156.606875,132.075,81.00548734,-29.64234313,0.668614124,168.7
138.3708333,156.606875,132.075,81.00548734,-29.65347186,1.035479063,168.7
129.055,156.606875,132.075,81.00548734,0.016420063,0.360853926,209.9
129.055,156.606875,132.075,81.00548734,-0.000895876,0.776464329,209.9
129.055,156.606875,132.075,81.00548734,0.00527414,0.329775374,209.9
129.055,156.606875,132.075,81.00548734,0.009477038,0.535554878,209.9
129.055,156.606875,132.075,81.00548734,-0.011427363,0.30646652,209.9
129.055,156.606875,132.075,81.00548734,0.018413478,0.621866961,209.9
138.2291667,156.606875,132.075,81.00548734,31.90671221,0.300722399,228.3
138.2291667,156.606875,132.075,81.00548734,31.89712881,0.07504462,228.3
138.2291667,156.606875,132.075,81.00548734,31.91163134,-0.176044643,228.3
138.2291667,156.606875,132.075,81.00548734,31.89208071,0.392086102,228.3
138.2291667,156.606875,132.075,81.00548734,31.90665404,0.062710733,228.3
138.2291667,156.606875,132.075,81.00548734,31.8959498,0.093430113,228.3
136.7941667,156.606875,132.075,81.00548734,-17.20436359,2.84554254,195.1
136.7941667,156.606875,132.075,81.00548734,-17.22051042,2.885313726,195.1
136.7941667,156.606875,132.075,81.00548734,-17.20444105,3.26625577,195.1
136.7941667,156.606875,132.075,81.00548734,-17.21897777,3.665429683,195.1
136.7941667,156.606875,132.075,81.00548734,-17.21763032,2.459471826,195.1
136.7941667,156.606875,132.075,81.00548734,-17.21366374,3.41077598,195.1
