Position,TCond,vc,cat,cont_1,cont_2,Fz
92.84181818,82.26885714,85.8669697,-112.8337515,-14.8180999,0.432754859,21.07
92.84181818,82.26885714,85.8669697,-112.8337515,-14.84133046,0.091865884,21.07
92.84181818,82.26885714,85.8669697,-112.8337515,-14.8112957,0.455781354,21.07
92.84181818,82.26885714,85.8669697,-112.8337515,-14.79978484,0.532964581,21.07
92.84181818,82.26885714,85.8669697,-112.8337515,-14.83768198,1.058478281,21.07
92.84181818,82.26885714,85.8669697,-112.8337515,-14.82774952,0.645175816,21.07
88.6525,82.26885714,85.8669697,-112.8337515,10.34620889,0.869314493,25.94
88.6525,82.26885714,85.8669697,-112.8337515,10.33729954,0.824697235,25.94
88.6525,82.26885714,85.8669697,-112.8337515,10.34677048,1.205485177,25.94
88.6525,82.26885714,85.8669697,-112.8337515,10.34351645,1.015168257,25.94
88.6525,82.26885714,85.8669697,-112.8337515,10.3573896,0.754770433,25.94
88.6525,82.26885714,85.8669697,-112.8337515,10.34352075,0.976422423,25.94
91.90333333,82.26885714,85.8669697,-112.8337515,13.35001756,0.714793937,22.31
91.90333333,82.26885714,85.8669697,-112.8337515,13.35880159,0.788207892,22.31
91.90333333,82.26885714,85.8669697,-112.8337515,13.37430297,0.996654266,22.31
91.90333333,82.26885714,85.8669697,-112.8337515,13.35948329,0.563299185,22.31
91.90333333,82.26885714,85.8669697,-112.8337515,13.42083731,0.060710281,22.31
91.90333333,82.26885714,85.8669697,-112.8337515,13.36543336,1.168201156,22.31
79.90916667,82.26885714,90.74166667,-112.8337515,13.38114039,-0.142761763,22.3
79.90916667,82.26885714,90.74166667,-112.8337515,13.38175312,-0.23386871,22.3
79.90916667,82.26885714,90.74166667,-112.8337515,13.39439639,-0.081527834,22.3
79.90916667,82.26885714,90.74166667,-112.8337515,13.39965196,-0.374978341,22.3
79.90916667,82.26885714,90.74166667,-112.8337515,13.40261717,-0.429442559,22.3
79.90916667,82.26885714,90.74166667,-112.8337515,13.39395205,-0.37715802,22.3
90.71833333,82.26885714,90.74166667,-112.8337515,10.26976387,-0.321385612,26.26
90.71833333,82.26885714,90.74166667,-112.8337515,10.25701784,-0.419646806,26.26
90.71833333,82.26885714,90.74166667,-112.8337515,10.29292281,0.073967343,26.26
90.71833333,82.26885714,90.74166667,-112.8337515,10.2687772,-0.338976189,26.26
90.71833333,82.26885714,90.74166667,-112.8337515,10.27742724,-0.113605895,26.26
90.71833333,82.26885714,90.74166667,-112.8337515,10.26529004,-0.2228679,26.26
89.44833333,82.26885714,90.74166667,-112.8337515,-14.86007527,-0.24171522,18.87
89.44833333,82.26885714,90.74166667,-112.8337515,-14.89071614,0.22700072,18.87
89.44833333,82.26885714,90.74166667,-112.8337515,-14.89020597,-0.873951357,18.87
89.44833333,82.26885714,90.74166667,-112.8337515,-14.85198045,2.531372282,18.87
89.44833333,82.26885714,90.74166667,-112.8337515,-14.89034572,-0.894721839,18.87
89.44833333,82.26885714,90.74166667,-112.8337515,-14.88279325,-0.380978262,18.87
83.6675,82.26885714,94.51111111,-112.8337515,13.37094441,-1.309357858,20.51
83.6675,82.26885714,94.51111111,-112.8337515,13.3695472,-1.175607546,20.51
83.6675,82.26885714,94.51111111,-112.8337515,13.34670907,-1.644836281,20.51
83.6675,82.26885714,94.51111111,-112.8337515,13.35446335,-1.534933222,20.51
83.6675,82.26885714,94.51111111,-112.8337515,13.34323947,-1.881309323,20.51
83.6675,82.26885714,94.51111111,-112.8337515,13.35401306,-1.483469203,20.51
82.50666667,82.26885714,94.51111111,-112.8337515,-14.88000427,-0.692990622,19.53
82.50666667,82.26885714,94.51111111,-112.8337515,-14.88359607,-0.929746741,19.53
82.50666667,82.26885714,94.51111111,-112.8337515,-14.83217728,-0.839126985,19.53
82.50666667,82.26885714,94.51111111,-112.8337515,-14.91265119,-0.397078554,19.53
82.50666667,82.26885714,94.51111111,-112.8337515,-14.88698257,-0.661475847,19.53
82.50666667,82.26885714,94.51111111,-112.8337515,-14.89728766,-0.725043557,19.53
106.4383313,82.26885714,94.51111111,-112.8337515,10.15053224,1.8289009,24.09
106.4383313,82.26885714,94.51111111,-112.8337515,10.1462045,2.19445741,24.09
106.4383313,82.26885714,94.51111111,-112.8337515,10.14711395,1.796027206,24.09
106.4383313,82.26885714,94.51111111,-112.8337515,10.14213368,2.223535989,24.09
106.4383313,82.26885714,94.51111111,-112.8337515,10.15619793,1.969394842,24.09
106.4383313,82.26885714,94.51111111,-112.8337515,10.14883184,1.773026076,24.09
88.6525,82.26885714,94.51111111,-14.75919598,-14.89738916,-1.255098232,68.08
88.6525,82.26885714,94.51111111,-14.75919598,-14.90404987,-1.304946815,68.08
88.6525,82.26885714,94.51111111,-14.75919598,-14.91986576,-1.196454361,68.08
88.6525,82.26885714,94.51111111,-14.75919598,-14.86834057,-1.374308658,68.08
88.6525,82.26885714,94.51111111,-14.75919598,-14.91942207,-1.449415816,68.08
88.6525,82.26885714,94.51111111,-14.75919598,-14.86439126,-0.73748225,68.08
91.90333333,82.26885714,94.51111111,-14.75919598,10.32384598,1.049169719,75.56
91.90333333,82.26885714,94.51111111,-14.75919598,10.30037712,2.318566549,75.56
91.90333333,82.26885714,94.51111111,-14.75919598,10.32245198,1.458061857,75.56
91.90333333,82.26885714,94.51111111,-14.75919598,10.31463985,1.541117224,75.56
91.90333333,82.26885714,94.51111111,-14.75919598,10.34466224,2.053450434,75.56
91.90333333,82.26885714,94.51111111,-14.75919598,10.31713291,1.476626817,75.56
79.90916667,82.26885714,94.51111111,-14.75919598,13.339448,2.09140183,67.71
79.90916667,82.26885714,94.51111111,-14.75919598,13.36864865,1.846697264,67.71
79.90916667,82.26885714,94.51111111,-14.75919598,13.34957327,1.681278792,67.71
79.90916667,82.26885714,94.51111111,-14.75919598,13.37408952,2.147866022,67.71
79.90916667,82.26885714,94.51111111,-14.75919598,13.36206867,2.194355712,67.71
79.90916667,82.26885714,94.51111111,-14.75919598,13.37767021,2.3480043,67.71
90.71833333,82.26885714,90.74166667,-14.75919598,13.35756167,0.089429927,65.19
90.71833333,82.26885714,90.74166667,-14.75919598,13.36830686,-0.229098495,65.19
90.71833333,82.26885714,90.74166667,-14.75919598,13.35178196,0.201358802,65.19
90.71833333,82.26885714,90.74166667,-14.75919598,13.35142893,0.194820004,65.19
90.71833333,82.26885714,90.74166667,-14.75919598,13.35804995,1.044913494,65.19
90.71833333,82.26885714,90.74166667,-14.75919598,13.35804995,1.044913494,65.19
89.44833333,82.26885714,90.74166667,-14.75919598,-14.83838545,-1.187658834,61.05
89.44833333,82.26885714,90.74166667,-14.75919598,-14.86878651,-1.36430879,61.05
89.44833333,82.26885714,90.74166667,-14.75919598,-14.85129165,-1.578396152,61.05
89.44833333,82.26885714,90.74166667,-14.75919598,-14.86367062,-1.39884889,61.05
89.44833333,82.26885714,90.74166667,-14.75919598,-14.84898947,-1.425491034,61.05
89.44833333,82.26885714,90.74166667,-14.75919598,-14.85410508,-1.424567859,61.05
83.6675,82.26885714,90.74166667,-14.75919598,9.95182014,1.445036664,71.8
83.6675,82.26885714,90.74166667,-14.75919598,9.896856611,1.524886761,71.8
83.6675,82.26885714,90.74166667,-14.75919598,9.971028881,1.729537781,71.8
83.6675,82.26885714,90.74166667,-14.75919598,9.87169143,1.971703735,71.8
83.6675,82.26885714,90.74166667,-14.75919598,9.949724097,1.388033834,71.8
83.6675,82.26885714,90.74166667,-14.75919598,9.928221194,1.407521729,71.8
82.50666667,82.26885714,85.8669697,-14.75919598,13.36599472,-1.209557322,66.44
82.50666667,82.26885714,85.8669697,-14.75919598,13.36280501,-0.966160706,66.44
82.50666667,82.26885714,85.8669697,-14.75919598,13.35856068,-1.235122667,66.44
82.50666667,82.26885714,85.8669697,-14.75919598,13.35966829,-1.182556006,66.44
82.50666667,82.26885714,85.8669697,-14.75919598,13.35698263,-1.021265979,66.44
82.50666667,82.26885714,85.8669697,-14.75919598,13.36158335,-1.069678591,66.44
106.4383313,82.26885714,85.8669697,-14.75919598,9.978225702,-0.102656054,75.26
106.4383313,82.26885714,85.8669697,-14.75919598,9.94670461,0.258156801,75.26
106.4383313,82.26885714,85.8669697,-14.75919598,9.896466877,0.177383529,75.26
106.4383313,82.26885714,85.8669697,-14.75919598,10.01287753,-0.411722768,75.26
106.4383313,82.26885714,85.8669697,-14.75919598,9.995892231,-0.558678696,75.26
106.4383313,82.26885714,85.8669697,-14.75919598,9.977509784,-0.163454,75.26
88.25262374,82.26885714,85.8669697,-14.75919598,-14.85112584,-1.530700928,60.21
88.25262374,82.26885714,85.8669697,-14.75919598,-14.86221444,-1.096602617,60.21
88.25262374,82.26885714,85.8669697,-14.75919598,-14.85207758,-1.1880941,60.21
88.25262374,82.26885714,85.8669697,-14.75919598,-14.87419475,-1.906668642,60.21
88.25262374,82.26885714,85.8669697,-14.75919598,-14.91090928,-1.421208249,60.21
88.25262374,82.26885714,85.8669697,-14.75919598,-14.92081694,-0.95736494,60.21
92.84181818,82.26885714,85.8669697,167.6713547,-14.84264828,-0.365669779,115.8
92.84181818,82.26885714,85.8669697,167.6713547,-14.85684231,-0.526241941,115.8
92.84181818,82.26885714,85.8669697,167.6713547,-14.83088466,-0.403184236,115.8
92.84181818,82.26885714,85.8669697,167.6713547,-14.85084909,-0.380798795,115.8
92.84181818,82.26885714,85.8669697,167.6713547,-14.83853419,-0.325180488,115.8
92.84181818,82.26885714,85.8669697,167.6713547,-14.84129682,-0.366080159,115.8
88.6525,82.26885714,85.8669697,167.6713547,10.51131432,1.119404007,219.1
88.6525,82.26885714,85.8669697,167.6713547,10.5050417,1.37780138,219.1
88.6525,82.26885714,85.8669697,167.6713547,10.4792,1.348287296,219.1
88.6525,82.26885714,85.8669697,167.6713547,10.51345589,1.185433039,219.1
88.6525,82.26885714,85.8669697,167.6713547,10.48532749,1.192202511,219.1
88.6525,82.26885714,85.8669697,167.6713547,10.47879521,1.941650057,219.1
91.90333333,82.26885714,85.8669697,167.6713547,13.55835905,0.809286337,190.3
91.90333333,82.26885714,85.8669697,167.6713547,13.54600442,-0.034037441,190.3
91.90333333,82.26885714,85.8669697,167.6713547,13.50381171,0.692665253,190.3
91.90333333,82.26885714,85.8669697,167.6713547,13.53362361,0.115303236,190.3
91.90333333,82.26885714,85.8669697,167.6713547,13.462435,1.069068711,190.3
91.90333333,82.26885714,85.8669697,167.6713547,13.45216386,0.926830596,190.3
79.90916667,82.26885714,90.74166667,167.6713547,-14.7735531,-0.177455009,116.9
79.90916667,82.26885714,90.74166667,167.6713547,-14.83302289,-0.964032474,116.9
79.90916667,82.26885714,90.74166667,167.6713547,-14.76524014,-0.331642236,116.9
79.90916667,82.26885714,90.74166667,167.6713547,-14.751668,-0.460110254,116.9
79.90916667,82.26885714,90.74166667,167.6713547,-14.8312465,-0.461725691,116.9
79.90916667,82.26885714,90.74166667,167.6713547,-14.863401,-1.044369763,116.9
90.71833333,82.26885714,90.74166667,167.6713547,13.42574254,0.467807516,193.2
90.71833333,82.26885714,90.74166667,167.6713547,13.50178441,-1.364847189,193.2
90.71833333,82.26885714,90.74166667,167.6713547,13.50182466,-1.138913132,193.2
90.71833333,82.26885714,90.74166667,167.6713547,13.49153952,-0.752329861,193.2
90.71833333,82.26885714,90.74166667,167.6713547,13.36165252,1.131071953,193.2
90.71833333,82.26885714,90.74166667,167.6713547,13.30613626,2.890980079,193.2
89.44833333,82.26885714,90.74166667,167.6713547,10.17817558,0.021298984,214.3
89.44833333,82.26885714,90.74166667,167.6713547,10.33418757,0.151073758,214.3
89.44833333,82.26885714,90.74166667,167.6713547,10.32801973,0.234872834,214.3
89.44833333,82.26885714,90.74166667,167.6713547,10.18667698,-0.065961879,214.3
89.44833333,82.26885714,90.74166667,167.6713547,10.33775592,0.60483991,214.3
89.44833333,82.26885714,90.74166667,167.6713547,10.34757853,0.210794667,214.3
83.6675,82.26885714,94.51111111,167.6713547,10.18815497,-0.315333288,221.5
83.6675,82.26885714,94.51111111,167.6713547,10.36233042,-0.038730367,221.5
83.6675,82.26885714,94.51111111,167.6713547,10.3574007,0.114149148,221.5
83.6675,82.26885714,94.51111111,167.6713547,10.20208746,-0.178121428,221.5
83.6675,82.26885714,94.51111111,167.6713547,10.35612152,0.062633443,221.5
83.6675,82.26885714,94.51111111,167.6713547,10.3578556,0.135739672,221.5
82.50666667,82.26885714,94.51111111,167.6713547,-14.83802557,-2.129447921,121.5
82.50666667,82.26885714,94.51111111,167.6713547,-14.83870197,-2.088266129,121.5
82.50666667,82.26885714,94.51111111,167.6713547,-14.80300395,-1.559701739,121.5
82.50666667,82.26885714,94.51111111,167.6713547,-14.84480681,-1.653834728,121.5
82.50666667,82.26885714,94.51111111,167.6713547,-14.82819792,-2.006364612,121.5
82.50666667,82.26885714,94.51111111,167.6713547,-14.80652012,-1.659783202,121.5
106.4383313,82.26885714,94.51111111,167.6713547,13.37319442,-0.847205603,218.9
106.4383313,82.26885714,94.51111111,167.6713547,13.35773591,-0.795023479,218.9
106.4383313,82.26885714,94.51111111,167.6713547,13.36091522,-1.121552273,218.9
106.4383313,82.26885714,94.51111111,167.6713547,13.38710307,-0.643503123,218.9
106.4383313,82.26885714,94.51111111,167.6713547,13.40859978,0.264233533,218.9
106.4383313,82.26885714,94.51111111,167.6713547,13.35638244,-1.086730052,218.9
92.84181818,82.26885714,85.8669697,-111.6299915,13.58983136,0.557247818,27.28
92.84181818,82.26885714,85.8669697,-111.6299915,13.59311048,0.711973444,27.28
92.84181818,82.26885714,85.8669697,-111.6299915,13.59131615,0.550811436,27.28
92.84181818,82.26885714,85.8669697,-111.6299915,13.59814179,0.633764387,27.28
92.84181818,82.26885714,85.8669697,-111.6299915,13.60179962,0.743051757,27.28
92.84181818,82.26885714,85.8669697,-111.6299915,13.60179962,0.743051757,27.28
88.6525,82.26885714,85.8669697,-111.6299915,10.60149448,-0.678967832,24.84
88.6525,82.26885714,85.8669697,-111.6299915,10.52335721,-0.789691172,24.84
88.6525,82.26885714,85.8669697,-111.6299915,10.59567376,-0.835847294,24.84
88.6525,82.26885714,85.8669697,-111.6299915,10.58292209,-0.575552363,24.84
88.6525,82.26885714,85.8669697,-111.6299915,10.58602903,-0.581245037,24.84
88.6525,82.26885714,85.8669697,-111.6299915,10.58544115,-0.302333699,24.84
91.90333333,82.26885714,85.8669697,-111.6299915,-14.68701062,-0.274973212,22.9
91.90333333,82.26885714,85.8669697,-111.6299915,-14.74407732,-0.505625561,22.9
91.90333333,82.26885714,85.8669697,-111.6299915,-14.69652935,-0.240894461,22.9
91.90333333,82.26885714,85.8669697,-111.6299915,-14.71105726,-0.446468655,22.9
91.90333333,82.26885714,85.8669697,-111.6299915,-14.69827592,-0.155838881,22.9
91.90333333,82.26885714,85.8669697,-111.6299915,-14.70023101,-0.157326298,22.9
79.90916667,82.26885714,90.74166667,-111.6299915,10.23876232,0.515168933,25.76
79.90916667,82.26885714,90.74166667,-111.6299915,10.26358876,0.557837664,25.76
79.90916667,82.26885714,90.74166667,-111.6299915,10.48537635,-0.62263142,25.76
79.90916667,82.26885714,90.74166667,-111.6299915,10.24428607,0.750411314,25.76
79.90916667,82.26885714,90.74166667,-111.6299915,10.48624904,-0.614656652,25.76
79.90916667,82.26885714,90.74166667,-111.6299915,10.46226505,-0.710122957,25.76
90.71833333,82.26885714,90.74166667,-111.6299915,13.52959327,-0.831949523,23.69
90.71833333,82.26885714,90.74166667,-111.6299915,13.53530925,-0.393722528,23.69
90.71833333,82.26885714,90.74166667,-111.6299915,13.459472,0.2005122,23.69
90.71833333,82.26885714,90.74166667,-111.6299915,13.52804531,-0.771844078,23.69
90.71833333,82.26885714,90.74166667,-111.6299915,13.45030981,0.183434418,23.69
90.71833333,82.26885714,90.74166667,-111.6299915,13.53815132,-1.089500772,23.69
89.44833333,82.26885714,90.74166667,-111.6299915,-14.79497938,-0.423801333,22.37
89.44833333,82.26885714,90.74166667,-111.6299915,-14.80169765,-0.541037867,22.37
89.44833333,82.26885714,90.74166667,-111.6299915,-14.81813907,-0.879695716,22.37
89.44833333,82.26885714,90.74166667,-111.6299915,-14.79916605,-1.023805307,22.37
89.44833333,82.26885714,90.74166667,-111.6299915,-14.81135487,-0.722046703,22.37
89.44833333,82.26885714,90.74166667,-111.6299915,-14.80357267,-0.642042744,22.37
83.6675,82.26885714,94.51111111,-111.6299915,13.45432275,-1.814485374,23.98
83.6675,82.26885714,94.51111111,-111.6299915,13.45372091,-1.744225482,23.98
83.6675,82.26885714,94.51111111,-111.6299915,13.47208939,-1.751533353,23.98
83.6675,82.26885714,94.51111111,-111.6299915,13.46003463,-1.812741679,23.98
83.6675,82.26885714,94.51111111,-111.6299915,13.45814639,-1.773149959,23.98
83.6675,82.26885714,94.51111111,-111.6299915,13.44864685,-1.931029647,23.98
82.50666667,82.26885714,94.51111111,-111.6299915,10.29627821,-1.074499775,25.89
82.50666667,82.26885714,94.51111111,-111.6299915,10.28711491,-0.783280394,25.89
82.50666667,82.26885714,94.51111111,-111.6299915,10.26512673,-0.718148933,25.89
82.50666667,82.26885714,94.51111111,-111.6299915,10.29908524,-1.106757781,25.89
82.50666667,82.26885714,94.51111111,-111.6299915,10.30212952,-1.128963994,25.89
82.50666667,82.26885714,94.51111111,-111.6299915,10.30061043,-0.752791688,25.89
106.4383313,82.26885714,94.51111111,-111.6299915,-14.75991735,-0.47828996,22.11
106.4383313,82.26885714,94.51111111,-111.6299915,-14.77983,0.121457497,22.11
106.4383313,82.26885714,94.51111111,-111.6299915,-14.81294118,-0.866796631,22.11
106.4383313,82.26885714,94.51111111,-111.6299915,-14.82739133,-1.156195506,22.11
106.4383313,82.26885714,94.51111111,-111.6299915,-14.81185678,-0.975597049,22.11
106.4383313,82.26885714,94.51111111,-111.6299915,-14.77455528,-0.741328573,22.11
92.84181818,82.26885714,94.51111111,-12.57780036,13.52388483,-0.091323109,73.61
92.84181818,82.26885714,94.51111111,-12.57780036,13.49919834,0.326364317,73.61
92.84181818,82.26885714,94.51111111,-12.57780036,13.48852628,0.275772026,73.61
92.84181818,82.26885714,94.51111111,-12.57780036,13.50744893,0.321748681,73.61
92.84181818,82.26885714,94.51111111,-12.57780036,13.49331057,0.387803078,73.61
92.84181818,82.26885714,94.51111111,-12.57780036,13.49331057,0.387803078,73.61
88.6525,82.26885714,94.51111111,-12.57780036,10.17831173,-0.0822457,82.71
88.6525,82.26885714,94.51111111,-12.57780036,10.29750414,-0.52780617,82.71
88.6525,82.26885714,94.51111111,-12.57780036,10.32281598,-0.384337633,82.71
88.6525,82.26885714,94.51111111,-12.57780036,10.29775426,-0.464751733,82.71
88.6525,82.26885714,94.51111111,-12.57780036,10.30358728,-0.241561357,82.71
88.6525,82.26885714,94.51111111,-12.57780036,10.27981849,-0.07583516,82.71
91.90333333,82.26885714,94.51111111,-12.57780036,-14.79743533,-0.726994951,63.82
91.90333333,82.26885714,94.51111111,-12.57780036,-14.79502343,-0.892003044,63.82
91.90333333,82.26885714,94.51111111,-12.57780036,-14.79770862,-0.90433717,63.82
91.90333333,82.26885714,94.51111111,-12.57780036,-14.8079568,-0.939544167,63.82
91.90333333,82.26885714,94.51111111,-12.57780036,-14.79459865,-0.873566103,63.82
91.90333333,82.26885714,94.51111111,-12.57780036,-14.80551676,-0.9845462,63.82
79.90916667,82.26885714,85.8669697,-12.57780036,10.21251827,0.361468898,79.43
79.90916667,82.26885714,85.8669697,-12.57780036,10.21640845,0.42885685,79.43
79.90916667,82.26885714,85.8669697,-12.57780036,10.21856759,0.451704117,79.43
79.90916667,82.26885714,85.8669697,-12.57780036,10.233861,0.38400844,79.43
79.90916667,82.26885714,85.8669697,-12.57780036,10.20860585,0.433267177,79.43
79.90916667,82.26885714,85.8669697,-12.57780036,10.22640192,0.391137084,79.43
90.71833333,82.26885714,85.8669697,-12.57780036,13.39760728,-0.622118147,71.62
90.71833333,82.26885714,85.8669697,-12.57780036,13.38687246,-0.315333766,71.62
90.71833333,82.26885714,85.8669697,-12.57780036,13.37312354,-0.212251865,71.62
90.71833333,82.26885714,85.8669697,-12.57780036,13.35876571,-0.317487841,71.62
90.71833333,82.26885714,85.8669697,-12.57780036,13.37121741,-0.487855039,71.62
90.71833333,82.26885714,85.8669697,-12.57780036,13.37272233,-0.232714383,71.62
89.44833333,82.26885714,85.8669697,-12.57780036,-14.85438798,-1.716351721,63.16
89.44833333,82.26885714,85.8669697,-12.57780036,-14.83243279,-1.662451745,63.16
89.44833333,82.26885714,85.8669697,-12.57780036,-14.8382462,-1.861307676,63.16
89.44833333,82.26885714,85.8669697,-12.57780036,-14.8535137,-2.12326949,63.16
89.44833333,82.26885714,85.8669697,-12.57780036,-14.84023556,-1.770867387,63.16
89.44833333,82.26885714,85.8669697,-12.57780036,-14.86013043,-1.518880553,63.16
83.6675,82.26885714,90.74166667,-12.57780036,-14.96456312,-1.767866471,65.47
83.6675,82.26885714,90.74166667,-12.57780036,-14.96274069,-1.99013391,65.47
83.6675,82.26885714,90.74166667,-12.57780036,-14.96020107,-1.749429769,65.47
83.6675,82.26885714,90.74166667,-12.57780036,-14.91697033,-1.228711411,65.47
83.6675,82.26885714,90.74166667,-12.57780036,-14.93660407,-1.959901721,65.47
83.6675,82.26885714,90.74166667,-12.57780036,-14.95691943,-1.422593011,65.47
82.50666667,82.26885714,90.74166667,-12.57780036,13.22510847,-1.004879742,69.12
82.50666667,82.26885714,90.74166667,-12.57780036,13.16535754,-0.280895365,69.12
82.50666667,82.26885714,90.74166667,-12.57780036,13.19583172,-0.481110454,69.12
82.50666667,82.26885714,90.74166667,-12.57780036,13.21733706,-0.268894807,69.12
82.50666667,82.26885714,90.74166667,-12.57780036,13.1907843,-0.894874268,69.12
82.50666667,82.26885714,90.74166667,-12.57780036,13.2013729,-1.164964712,69.12
106.4383313,82.26885714,90.74166667,-12.57780036,10.08562827,1.594812608,74.87
106.4383313,82.26885714,90.74166667,-12.57780036,10.08819104,1.289515644,74.87
106.4383313,82.26885714,90.74166667,-12.57780036,10.08946873,1.73928137,74.87
106.4383313,82.26885714,90.74166667,-12.57780036,10.08346631,1.518039521,74.87
106.4383313,82.26885714,90.74166667,-12.57780036,10.09291581,2.039732024,74.87
106.4383313,82.26885714,90.74166667,-12.57780036,10.08461537,1.529501919,74.87
92.84181818,82.26885714,94.51111111,173.8176432,13.56941094,-1.428696781,227.5
92.84181818,82.26885714,94.51111111,173.8176432,13.56737811,-1.107886026,227.5
92.84181818,82.26885714,94.51111111,173.8176432,13.5565456,-0.888900907,227.5
92.84181818,82.26885714,94.51111111,173.8176432,13.54057967,-0.986393028,227.5
92.84181818,82.26885714,94.51111111,173.8176432,13.53422914,-1.006316907,227.5
92.84181818,82.26885714,94.51111111,173.8176432,13.54260926,-0.832590338,227.5
88.6525,82.26885714,94.51111111,173.8176432,-14.71904142,-1.512470253,122.1
88.6525,82.26885714,94.51111111,173.8176432,-14.74171458,-1.21809681,122.1
88.6525,82.26885714,94.51111111,173.8176432,-14.72933072,-1.511521474,122.1
88.6525,82.26885714,94.51111111,173.8176432,-14.74934449,-1.63457894,122.1
88.6525,82.26885714,94.51111111,173.8176432,-14.70045803,-1.480289298,122.1
88.6525,82.26885714,94.51111111,173.8176432,-14.66233607,-0.810051035,122.1
91.90333333,82.26885714,94.51111111,173.8176432,10.25588245,0.941164935,222.1
91.90333333,82.26885714,94.51111111,173.8176432,10.26319197,0.796183377,222.1
91.90333333,82.26885714,94.51111111,173.8176432,10.26338576,0.484373219,222.1
91.90333333,82.26885714,94.51111111,173.8176432,10.25054761,1.127174183,222.1
91.90333333,82.26885714,94.51111111,173.8176432,10.26880642,0.684947241,222.1
91.90333333,82.26885714,94.51111111,173.8176432,10.25242986,0.59135289,222.1
79.90916667,82.26885714,85.8669697,173.8176432,-14.75445124,-1.498546533,126.3
79.90916667,82.26885714,85.8669697,173.8176432,-14.74924285,-1.672708847,126.3
79.90916667,82.26885714,85.8669697,173.8176432,-14.74907018,-1.686658409,126.3
79.90916667,82.26885714,85.8669697,173.8176432,-14.74521477,-1.660887755,126.3
79.90916667,82.26885714,85.8669697,173.8176432,-14.7538794,-1.678375916,126.3
79.90916667,82.26885714,85.8669697,173.8176432,-14.76058382,-1.389387183,126.3
90.71833333,82.26885714,85.8669697,173.8176432,10.2177918,1.062401894,218.6
90.71833333,82.26885714,85.8669697,173.8176432,10.22317117,0.650176228,218.6
90.71833333,82.26885714,85.8669697,173.8176432,10.18988642,0.595070955,218.6
90.71833333,82.26885714,85.8669697,173.8176432,10.18282797,1.026989588,218.6
90.71833333,82.26885714,85.8669697,173.8176432,10.18282797,1.026989588,218.6
90.71833333,82.26885714,85.8669697,173.8176432,10.23329794,0.609507471,218.6
89.44833333,82.26885714,85.8669697,173.8176432,13.38681919,-1.978903143,224.3
89.44833333,82.26885714,85.8669697,173.8176432,13.37346764,-1.842614457,224.3
89.44833333,82.26885714,85.8669697,173.8176432,13.38430738,-1.893360611,224.3
89.44833333,82.26885714,85.8669697,173.8176432,13.37058167,-1.842793924,224.3
89.44833333,82.26885714,85.8669697,173.8176432,13.39758807,-1.764790176,224.3
89.44833333,82.26885714,85.8669697,173.8176432,13.38593284,-1.925336495,224.3
83.6675,82.26885714,90.74166667,173.8176432,-14.76077948,-0.691659935,125.2
83.6675,82.26885714,90.74166667,173.8176432,-14.78523504,-0.830128299,125.2
83.6675,82.26885714,90.74166667,173.8176432,-14.76685052,-0.335308854,125.2
83.6675,82.26885714,90.74166667,173.8176432,-14.7744381,-0.842410978,125.2
83.6675,82.26885714,90.74166667,173.8176432,-14.80354832,-0.900183121,125.2
83.6675,82.26885714,90.74166667,173.8176432,-14.7955074,-0.713378957,125.2
82.50666667,82.26885714,90.74166667,173.8176432,10.17946407,0.07409608,213.6
82.50666667,82.26885714,90.74166667,173.8176432,10.13549227,0.709512122,213.6
82.50666667,82.26885714,90.74166667,173.8176432,10.17091378,0.551299105,213.6
82.50666667,82.26885714,90.74166667,173.8176432,10.17290025,0.374982717,213.6
82.50666667,82.26885714,90.74166667,173.8176432,10.16825581,0.447447892,213.6
82.50666667,82.26885714,90.74166667,173.8176432,10.1750142,0.263977255,213.6
106.4383313,82.26885714,90.74166667,173.8176432,13.27449391,-1.479673131,223.4
106.4383313,82.26885714,90.74166667,173.8176432,13.35099888,-1.942798575,223.4
106.4383313,82.26885714,90.74166667,173.8176432,13.33654303,-2.11834589,223.4
106.4383313,82.26885714,90.74166667,173.8176432,13.32498335,-2.262224567,223.4
106.4383313,82.26885714,90.74166667,173.8176432,13.34684774,-1.901694073,223.4
106.4383313,82.26885714,90.74166667,173.8176432,13.33564348,-2.147039454,223.4
92.84181818,82.26885714,85.8669697,-110.5351838,10.29114698,1.699458499,28.33
92.84181818,82.26885714,85.8669697,-110.5351838,10.34622584,1.454548862,28.33
92.84181818,82.26885714,85.8669697,-110.5351838,10.27829863,1.77005172,28.33
92.84181818,82.26885714,85.8669697,-110.5351838,10.27817721,1.806925361,28.33
92.84181818,82.26885714,85.8669697,-110.5351838,10.2845073,1.994498838,28.33
92.84181818,82.26885714,85.8669697,-110.5351838,10.26853456,2.291334082,28.33
88.6525,82.26885714,85.8669697,-110.5351838,-6.863013983,2.218715522,27.34
88.6525,82.26885714,85.8669697,-110.5351838,-6.937600411,2.130019167,27.34
88.6525,82.26885714,85.8669697,-110.5351838,-6.901934749,2.029065259,27.34
88.6525,82.26885714,85.8669697,-110.5351838,-6.944768042,2.962650338,27.34
88.6525,82.26885714,85.8669697,-110.5351838,-6.937961531,3.323463193,27.34
88.6525,82.26885714,85.8669697,-110.5351838,-6.915429901,2.161405205,27.34
91.90333333,82.26885714,85.8669697,-110.5351838,-1.758730275,1.723306469,26.94
91.90333333,82.26885714,85.8669697,-110.5351838,-1.82686801,3.501497673,26.94
91.90333333,82.26885714,85.8669697,-110.5351838,-1.831567265,4.167428503,26.94
91.90333333,82.26885714,85.8669697,-110.5351838,-1.827722351,3.431160969,26.94
91.90333333,82.26885714,85.8669697,-110.5351838,-1.833497309,3.95223826,26.94
91.90333333,82.26885714,85.8669697,-110.5351838,-1.826355293,3.818795672,26.94
79.90916667,82.26885714,85.8669697,-110.5351838,10.19355505,0.984320379,26.48
79.90916667,82.26885714,85.8669697,-110.5351838,10.21049912,0.942369753,26.48
79.90916667,82.26885714,85.8669697,-110.5351838,10.21685632,1.096659156,26.48
79.90916667,82.26885714,85.8669697,-110.5351838,10.15435631,1.465036638,26.48
79.90916667,82.26885714,85.8669697,-110.5351838,10.17333121,1.316208757,26.48
79.90916667,82.26885714,85.8669697,-110.5351838,10.18810636,0.974986691,26.48
90.71833333,82.26885714,85.8669697,-110.5351838,-14.92741698,-0.359105377,25.9
90.71833333,82.26885714,85.8669697,-110.5351838,-14.92870461,-0.564654207,25.9
90.71833333,82.26885714,85.8669697,-110.5351838,-14.92817161,-0.450622943,25.9
90.71833333,82.26885714,85.8669697,-110.5351838,-14.90930692,-0.871669263,25.9
90.71833333,82.26885714,85.8669697,-110.5351838,-14.93382006,-0.528319204,25.9
90.71833333,82.26885714,85.8669697,-110.5351838,-14.93513749,-0.766356714,25.9
89.44833333,82.26885714,85.8669697,-110.5351838,-6.944031575,-0.023832264,25.1
89.44833333,82.26885714,85.8669697,-110.5351838,-7.000978168,-0.55442271,25.1
89.44833333,82.26885714,85.8669697,-110.5351838,-6.999034955,-0.886464711,25.1
89.44833333,82.26885714,85.8669697,-110.5351838,-6.995062482,-1.457390345,25.1
89.44833333,82.26885714,85.8669697,-110.5351838,-7.006243911,-1.282586978,25.1
89.44833333,82.26885714,85.8669697,-110.5351838,-6.99109197,-1.175479048,25.1
83.6675,82.26885714,85.8669697,-110.5351838,-15.06249126,0.524067354,24.17
83.6675,82.26885714,85.8669697,-110.5351838,-15.05776761,-0.47044369,24.17
83.6675,82.26885714,85.8669697,-110.5351838,-15.06416816,-0.657734329,24.17
83.6675,82.26885714,85.8669697,-110.5351838,-15.03248329,-0.44490371,24.17
83.6675,82.26885714,85.8669697,-110.5351838,-15.04901042,-0.301050397,24.17
83.6675,82.26885714,85.8669697,-110.5351838,-15.04619021,-0.319256185,24.17
82.50666667,82.26885714,85.8669697,-110.5351838,-2.088149871,2.063605359,24.75
82.50666667,82.26885714,85.8669697,-110.5351838,-2.062357555,1.993935313,24.75
82.50666667,82.26885714,85.8669697,-110.5351838,-2.109167122,2.412212586,24.75
82.50666667,82.26885714,85.8669697,-110.5351838,-2.108574383,1.814080087,24.75
82.50666667,82.26885714,85.8669697,-110.5351838,-2.091999138,2.827130726,24.75
82.50666667,82.26885714,85.8669697,-110.5351838,-2.093957371,2.490318988,24.75
92.84181818,82.26885714,85.8669697,-13.47424593,10.65641352,0.126969987,79.87
92.84181818,82.26885714,85.8669697,-13.47424593,10.53933687,0.304619692,79.87
92.84181818,82.26885714,85.8669697,-13.47424593,10.53008289,0.529912935,79.87
92.84181818,82.26885714,85.8669697,-13.47424593,10.56232163,0.045504214,79.87
92.84181818,82.26885714,85.8669697,-13.47424593,10.54803736,0.770489056,79.87
92.84181818,82.26885714,85.8669697,-13.47424593,10.58755453,0.344493532,79.87
88.6525,82.26885714,85.8669697,-13.47424593,-1.552084901,0.772335406,74.01
88.6525,82.26885714,85.8669697,-13.47424593,-1.554447198,1.206562215,74.01
88.6525,82.26885714,85.8669697,-13.47424593,-1.509063923,0.825286842,74.01
88.6525,82.26885714,85.8669697,-13.47424593,-1.517440599,0.984320379,74.01
88.6525,82.26885714,85.8669697,-13.47424593,-1.548600419,0.80997836,74.01
88.6525,82.26885714,85.8669697,-13.47424593,-1.519530346,0.703460276,74.01
91.90333333,82.26885714,85.8669697,-13.47424593,-6.623978005,0.249847748,67.73
91.90333333,82.26885714,85.8669697,-13.47424593,-6.676792448,0.193921955,67.73
91.90333333,82.26885714,85.8669697,-13.47424593,-6.694569779,1.092915487,67.73
91.90333333,82.26885714,85.8669697,-13.47424593,-6.701378881,0.623892061,67.73
91.90333333,82.26885714,85.8669697,-13.47424593,-6.707590031,1.030168775,67.73
91.90333333,82.26885714,85.8669697,-13.47424593,-6.641568854,0.198434937,67.73
79.90916667,82.26885714,85.8669697,-13.47424593,-1.630968842,0.130688052,73.5
79.90916667,82.26885714,85.8669697,-13.47424593,-1.598019653,0.269566796,73.5
79.90916667,82.26885714,85.8669697,-13.47424593,-1.516121992,-0.198815576,73.5
79.90916667,82.26885714,85.8669697,-13.47424593,-1.491685213,-0.459469439,73.5
79.90916667,82.26885714,85.8669697,-13.47424593,-1.599087022,-0.059167519,73.5
79.90916667,82.26885714,85.8669697,-13.47424593,-1.561540974,-0.245869029,73.5
90.71833333,82.26885714,85.8669697,-13.47424593,-14.78051788,0.433934074,60.61
90.71833333,82.26885714,85.8669697,-13.47424593,-14.81184169,-0.264382781,60.61
90.71833333,82.26885714,85.8669697,-13.47424593,-14.78516038,-0.125273124,60.61
90.71833333,82.26885714,85.8669697,-13.47424593,-14.79256211,-0.354284671,60.61
90.71833333,82.26885714,85.8669697,-13.47424593,-14.79085412,0.138380938,60.61
90.71833333,82.26885714,85.8669697,-13.47424593,-14.79246427,-0.074424555,60.61
89.44833333,82.26885714,85.8669697,-13.47424593,-6.797049566,-0.362926097,65.88
89.44833333,82.26885714,85.8669697,-13.47424593,-6.798282302,-0.174019304,65.88
89.44833333,82.26885714,85.8669697,-13.47424593,-6.804189609,-0.332078458,65.88
89.44833333,82.26885714,85.8669697,-13.47424593,-6.769526687,-0.621298105,65.88
89.44833333,82.26885714,85.8669697,-13.47424593,-6.79264973,-0.277024393,65.88
89.44833333,82.26885714,85.8669697,-13.47424593,-6.80007803,-0.297948499,65.88
83.6675,82.26885714,85.8669697,-13.47424593,10.26609461,0.296671005,76.44
83.6675,82.26885714,85.8669697,-13.47424593,10.27410806,0.711332629,76.44
83.6675,82.26885714,85.8669697,-13.47424593,10.27410806,0.711332629,76.44
83.6675,82.26885714,85.8669697,-13.47424593,10.29704687,0.009887555,76.44
83.6675,82.26885714,85.8669697,-13.47424593,10.30303381,0.964191429,76.44
83.6675,82.26885714,85.8669697,-13.47424593,10.29321217,0.112610762,76.44
82.50666667,82.26885714,85.8669697,-13.47424593,-14.8480959,-0.508497262,62.36
82.50666667,82.26885714,85.8669697,-13.47424593,-14.86570908,-0.884259667,62.36
82.50666667,82.26885714,85.8669697,-13.47424593,-14.85597225,-1.121066037,62.36
82.50666667,82.26885714,85.8669697,-13.47424593,-14.87110489,-0.875233704,62.36
82.50666667,82.26885714,85.8669697,-13.47424593,-14.86184659,-0.793972762,62.36
82.50666667,82.26885714,85.8669697,-13.47424593,-14.87522727,-1.158247643,62.36
92.84181818,64.035625,85.8669697,-46.33342257,-1.881668792,1.111918342,51.42
92.84181818,64.035625,85.8669697,-46.33342257,-1.875791262,1.723615389,51.42
92.84181818,64.035625,85.8669697,-46.33342257,-1.834167403,3.876133026,51.42
92.84181818,64.035625,85.8669697,-46.33342257,-1.948303508,0.392190191,51.42
92.84181818,64.035625,85.8669697,-46.33342257,-1.885500309,1.189127173,51.42
92.84181818,64.035625,85.8669697,-46.33342257,-1.836201399,0.659793231,51.42
88.6525,64.035625,85.8669697,-46.33342257,-2.051273518,-0.80384461,52.58
88.6525,64.035625,85.8669697,-46.33342257,-2.016239487,-0.10180969,52.58
88.6525,64.035625,85.8669697,-46.33342257,-2.044462415,-0.584474715,52.58
88.6525,64.035625,85.8669697,-46.33342257,-2.027363409,-0.113143352,52.58
88.6525,64.035625,85.8669697,-46.33342257,-2.002901209,0.203077133,52.58
88.6525,64.035625,85.8669697,-46.33342257,-2.024835612,0.343725176,52.58
91.90333333,64.035625,85.8669697,-46.33342257,-14.78140981,-1.00777872,39.07
91.90333333,64.035625,85.8669697,-46.33342257,-14.75716428,-1.206198667,39.07
91.90333333,64.035625,85.8669697,-46.33342257,-14.76000734,-1.110527292,39.07
91.90333333,64.035625,85.8669697,-46.33342257,-14.79801049,-1.117963183,39.07
91.90333333,64.035625,85.8669697,-46.33342257,-14.81572255,-0.928749144,39.07
91.90333333,64.035625,85.8669697,-46.33342257,-14.82139407,-1.040857007,39.07
79.90916667,64.035625,85.8669697,-46.33342257,9.824457801,-1.499290242,48.52
79.90916667,64.035625,85.8669697,-46.33342257,9.874271359,-1.171761222,48.52
79.90916667,64.035625,85.8669697,-46.33342257,9.877838252,0.025760279,48.52
79.90916667,64.035625,85.8669697,-46.33342257,9.886315959,-0.491444846,48.52
79.90916667,64.035625,85.8669697,-46.33342257,9.837504416,0.484142784,48.52
79.90916667,64.035625,85.8669697,-46.33342257,9.889157393,-0.516548842,48.52
90.71833333,64.035625,85.8669697,-46.33342257,9.887409268,0.044966293,47.52
90.71833333,64.035625,85.8669697,-46.33342257,9.86429602,-0.147428129,47.52
90.71833333,64.035625,85.8669697,-46.33342257,9.853035366,-0.827641373,47.52
90.71833333,64.035625,85.8669697,-46.33342257,9.853504375,-0.389004238,47.52
90.71833333,64.035625,85.8669697,-46.33342257,9.864369838,-0.466751468,47.52
90.71833333,64.035625,85.8669697,-46.33342257,9.852955349,-0.750509115,47.52
89.44833333,64.035625,85.8669697,-46.33342257,-7.027426224,-1.149195359,39.29
89.44833333,64.035625,85.8669697,-46.33342257,-7.019652838,-1.238302332,39.29
89.44833333,64.035625,85.8669697,-46.33342257,-7.001706657,-1.150349209,39.29
89.44833333,64.035625,85.8669697,-46.33342257,-7.020716859,-0.592193922,39.29
89.44833333,64.035625,85.8669697,-46.33342257,-6.996518708,-1.197197592,39.29
89.44833333,64.035625,85.8669697,-46.33342257,-6.996284401,-1.231045669,39.29
83.6675,64.035625,85.8669697,-46.33342257,-14.88786676,-0.583193563,38.13
83.6675,64.035625,85.8669697,-46.33342257,-14.85778506,-0.744970543,38.13
83.6675,64.035625,85.8669697,-46.33342257,-14.87136087,-0.303564121,38.13
83.6675,64.035625,85.8669697,-46.33342257,-14.87739523,-0.492881294,38.13
83.6675,64.035625,85.8669697,-46.33342257,-14.88097914,-0.807178855,38.13
83.6675,64.035625,85.8669697,-46.33342257,-14.87525394,-0.660761327,38.13
82.50666667,64.035625,85.8669697,-46.33342257,-6.993760949,-1.387540355,39.65
82.50666667,64.035625,85.8669697,-46.33342257,-6.965773496,-1.346076681,39.65
82.50666667,64.035625,85.8669697,-46.33342257,-6.967343194,-1.30969047,39.65
82.50666667,64.035625,85.8669697,-46.33342257,-6.967631086,-1.209121338,39.65
82.50666667,64.035625,85.8669697,-46.33342257,-6.999641705,-1.320870508,39.65
82.50666667,64.035625,85.8669697,-46.33342257,-6.972141684,-1.560446404,39.65
92.84181818,64.035625,85.8669697,0.903943027,-6.704771734,-1.238764159,88.58
92.84181818,64.035625,85.8669697,0.903943027,-6.735979568,-1.622732006,88.58
92.84181818,64.035625,85.8669697,0.903943027,-6.756574916,-0.861642835,88.58
92.84181818,64.035625,85.8669697,0.903943027,-6.791045845,-1.006650236,88.58
92.84181818,64.035625,85.8669697,0.903943027,-6.79732142,-1.413798679,88.58
92.84181818,64.035625,85.8669697,0.903943027,-6.752385773,-1.095654555,88.58
88.6525,64.035625,85.8669697,0.903943027,-14.75198323,-1.523137495,75.31
88.6525,64.035625,85.8669697,0.903943027,-14.77080947,-1.46903221,75.31
88.6525,64.035625,85.8669697,0.903943027,-14.75211576,-1.462365392,75.31
88.6525,64.035625,85.8669697,0.903943027,-14.70718288,-1.74045597,75.31
88.6525,64.035625,85.8669697,0.903943027,-14.7372848,-1.930055264,75.31
88.6525,64.035625,85.8669697,0.903943027,-14.77712916,-1.332948595,75.31
91.90333333,64.035625,85.8669697,0.903943027,10.20968955,-0.890131568,89.72
91.90333333,64.035625,85.8669697,0.903943027,10.26969056,0.224282881,89.72
91.90333333,64.035625,85.8669697,0.903943027,10.18281663,-0.942903538,89.72
91.90333333,64.035625,85.8669697,0.903943027,10.2049026,0.194819526,89.72
91.90333333,64.035625,85.8669697,0.903943027,10.23108212,0.38367535,89.72
91.90333333,64.035625,85.8669697,0.903943027,10.23067148,-0.19732792,89.72
79.90916667,64.035625,85.8669697,0.903943027,10.16755157,0.425625977,91.08
79.90916667,64.035625,85.8669697,0.903943027,10.13436325,-0.19917427,91.08
79.90916667,64.035625,85.8669697,0.903943027,10.162251,0.348263283,91.08
79.90916667,64.035625,85.8669697,0.903943027,10.1528915,0.433498329,91.08
79.90916667,64.035625,85.8669697,0.903943027,10.15212772,0.134483407,91.08
79.90916667,64.035625,85.8669697,0.903943027,10.15091043,1.255923845,91.08
90.71833333,64.035625,85.8669697,0.903943027,-1.761349954,-1.505494994,86.88
90.71833333,64.035625,85.8669697,0.903943027,-1.785198096,-1.616782576,86.88
90.71833333,64.035625,85.8669697,0.903943027,-1.803360657,-1.820972247,86.88
90.71833333,64.035625,85.8669697,0.903943027,-1.781455801,-1.884795758,86.88
90.71833333,64.035625,85.8669697,0.903943027,-1.805544736,-1.911489587,86.88
90.71833333,64.035625,85.8669697,0.903943027,-1.793576497,-2.198682939,86.88
89.44833333,64.035625,85.8669697,0.903943027,-14.73528952,-1.662888206,73.01
89.44833333,64.035625,85.8669697,0.903943027,-14.75183786,-1.792484232,73.01
89.44833333,64.035625,85.8669697,0.903943027,-14.75024126,-1.67342719,73.01
89.44833333,64.035625,85.8669697,0.903943027,-14.7415882,-1.551139037,73.01
89.44833333,64.035625,85.8669697,0.903943027,-14.75685959,-1.725198935,73.01
89.44833333,64.035625,85.8669697,0.903943027,-14.72896315,-1.701992735,73.01
83.6675,64.035625,85.8669697,0.903943027,-6.816977053,-2.2684822,79.55
83.6675,64.035625,85.8669697,0.903943027,-6.814499031,-2.278482546,79.55
83.6675,64.035625,85.8669697,0.903943027,-6.816835155,-2.260584244,79.55
83.6675,64.035625,85.8669697,0.903943027,-6.807398309,-2.117833811,79.55
83.6675,64.035625,85.8669697,0.903943027,-6.815596986,-2.252276147,79.55
83.6675,64.035625,85.8669697,0.903943027,-6.824026331,-2.063985043,79.55
82.50666667,64.035625,85.8669697,0.903943027,-1.789958944,-2.539982294,84.26
82.50666667,64.035625,85.8669697,0.903943027,-1.780555245,-2.405052529,84.26
82.50666667,64.035625,85.8669697,0.903943027,-1.786891323,-2.429925373,84.26
82.50666667,64.035625,85.8669697,0.903943027,-1.762606283,-2.496954392,84.26
82.50666667,64.035625,85.8669697,0.903943027,-1.781770296,-2.322638216,84.26
82.50666667,64.035625,85.8669697,0.903943027,-1.785992888,-2.349049924,84.26
92.84181818,138.64875,85.8669697,-40.8951619,-14.77709995,1.812669243,101.2
92.84181818,138.64875,85.8669697,-40.8951619,-14.73753112,1.103172828,101.2
92.84181818,138.64875,85.8669697,-40.8951619,-14.78012799,1.804976596,101.2
92.84181818,138.64875,85.8669697,-40.8951619,-14.71293215,2.200663118,101.2
92.84181818,138.64875,85.8669697,-40.8951619,-14.72766221,1.355467147,101.2
92.84181818,138.64875,85.8669697,-40.8951619,-14.71871208,0.966319422,101.2
88.6525,138.64875,85.8669697,-40.8951619,-6.702293158,0.418113752,93.72
88.6525,138.64875,85.8669697,-40.8951619,-6.775025584,0.788207892,93.72
88.6525,138.64875,85.8669697,-40.8951619,-6.69092501,1.056452942,93.72
88.6525,138.64875,85.8669697,-40.8951619,-6.682612339,0.688562651,93.72
88.6525,138.64875,85.8669697,-40.8951619,-6.772605252,0.56988943,93.72
88.6525,138.64875,85.8669697,-40.8951619,-6.781037261,0.661278976,93.72
91.90333333,138.64875,85.8669697,-40.8951619,-14.69403194,1.786412353,93.19
91.90333333,138.64875,85.8669697,-40.8951619,-14.647709,0.366803117,93.19
91.90333333,138.64875,85.8669697,-40.8951619,-14.65101876,0.133688729,93.19
91.90333333,138.64875,85.8669697,-40.8951619,-14.63527814,0.284516824,93.19
91.90333333,138.64875,85.8669697,-40.8951619,-14.62040988,0.778669611,93.19
91.90333333,138.64875,85.8669697,-40.8951619,-14.60801391,0.479013635,93.19
79.90916667,138.64875,85.8669697,-40.8951619,10.24984533,0.355289033,90.33
79.90916667,138.64875,85.8669697,-40.8951619,10.22448871,0.829568911,90.33
79.90916667,138.64875,85.8669697,-40.8951619,10.24154117,0.213846074,90.33
79.90916667,138.64875,85.8669697,-40.8951619,10.25049137,0.053633084,90.33
79.90916667,138.64875,85.8669697,-40.8951619,10.23071866,0.084429276,90.33
79.90916667,138.64875,85.8669697,-40.8951619,10.2030705,1.003551997,90.33
90.71833333,138.64875,85.8669697,-40.8951619,-1.793994683,0.805311277,90.15
90.71833333,138.64875,85.8669697,-40.8951619,-1.793994683,0.805311277,90.15
90.71833333,138.64875,85.8669697,-40.8951619,-1.795283165,0.468012586,90.15
90.71833333,138.64875,85.8669697,-40.8951619,-1.833923812,0.107097077,90.15
90.71833333,138.64875,85.8669697,-40.8951619,-1.749330973,0.678459173,90.15
90.71833333,138.64875,85.8669697,-40.8951619,-1.759114457,0.349621964,90.15
89.44833333,138.64875,85.8669697,-40.8951619,-1.79290876,0.925471199,87.15
89.44833333,138.64875,85.8669697,-40.8951619,-1.844936436,0.779438207,87.15
89.44833333,138.64875,85.8669697,-40.8951619,-1.823100788,0.917316964,87.15
89.44833333,138.64875,85.8669697,-40.8951619,-1.807081035,-0.282922376,87.15
89.44833333,138.64875,85.8669697,-40.8951619,-1.802374563,0.902623932,87.15
89.44833333,138.64875,85.8669697,-40.8951619,-1.824270427,1.361236633,87.15
83.6675,138.64875,85.8669697,-40.8951619,-6.846776039,3.452905355,85.26
83.6675,138.64875,85.8669697,-40.8951619,-6.831719224,3.035397395,85.26
83.6675,138.64875,85.8669697,-40.8951619,-6.83511976,3.18322529,85.26
83.6675,138.64875,85.8669697,-40.8951619,-6.835970476,2.586528762,85.26
83.6675,138.64875,85.8669697,-40.8951619,-6.817642995,2.524987346,85.26
83.6675,138.64875,85.8669697,-40.8951619,-6.839858817,2.380005549,85.26
82.50666667,138.64875,85.8669697,-40.8951619,10.15728126,0.386162276,88.08
82.50666667,138.64875,85.8669697,-40.8951619,10.15856257,0.321825732,88.08
82.50666667,138.64875,85.8669697,-40.8951619,10.17487741,0.445754926,88.08
82.50666667,138.64875,85.8669697,-40.8951619,10.12876919,1.1282249,88.08
82.50666667,138.64875,85.8669697,-40.8951619,10.13370953,0.907470242,88.08
82.50666667,138.64875,85.8669697,-40.8951619,10.16345474,0.68627984,88.08
92.84181818,138.64875,85.8669697,109.4347803,-1.688312231,0.493220432,206.6
92.84181818,138.64875,85.8669697,109.4347803,-1.712386468,0.810646452,206.6
92.84181818,138.64875,85.8669697,109.4347803,-1.733807265,0.495733201,206.6
92.84181818,138.64875,85.8669697,109.4347803,-1.755507555,1.082967783,206.6
92.84181818,138.64875,85.8669697,109.4347803,-1.686359985,0.732899221,206.6
92.84181818,138.64875,85.8669697,109.4347803,-1.761433579,1.325031083,206.6
88.6525,138.64875,85.8669697,109.4347803,-14.77807611,0.31085172,198.1
88.6525,138.64875,85.8669697,109.4347803,-14.7676723,-0.405388802,198.1
88.6525,138.64875,85.8669697,109.4347803,-14.77765264,3.792666085,198.1
88.6525,138.64875,85.8669697,109.4347803,-14.7705371,3.60701577,198.1
88.6525,138.64875,85.8669697,109.4347803,-14.77989388,1.762333708,198.1
88.6525,138.64875,85.8669697,109.4347803,-14.79687971,-0.096808801,198.1
91.90333333,138.64875,85.8669697,109.4347803,10.25931139,0.186716978,189.2
91.90333333,138.64875,85.8669697,109.4347803,10.27178057,0.870110126,189.2
91.90333333,138.64875,85.8669697,109.4347803,10.23910509,0.806978639,189.2
91.90333333,138.64875,85.8669697,109.4347803,10.21988707,0.512758819,189.2
91.90333333,138.64875,85.8669697,109.4347803,10.21036648,1.202895836,189.2
91.90333333,138.64875,85.8669697,109.4347803,10.24255144,0.282439799,189.2
79.90916667,138.64875,85.8669697,109.4347803,-6.811151019,2.56019506,190.6
79.90916667,138.64875,85.8669697,109.4347803,-6.868510511,2.412315957,190.6
79.90916667,138.64875,85.8669697,109.4347803,-6.887175988,2.613966778,190.6
79.90916667,138.64875,85.8669697,109.4347803,-6.78869941,2.58204234,190.6
79.90916667,138.64875,85.8669697,109.4347803,-6.82214366,2.590401884,190.6
79.90916667,138.64875,85.8669697,109.4347803,-6.866727873,2.877877358,190.6
90.71833333,138.64875,85.8669697,109.4347803,-14.74213537,0.893522352,179
90.71833333,138.64875,85.8669697,109.4347803,-14.72409979,1.057018379,179
90.71833333,138.64875,85.8669697,109.4347803,-14.71225775,0.493041444,179
90.71833333,138.64875,85.8669697,109.4347803,-14.73475887,1.1792034,179
90.71833333,138.64875,85.8669697,109.4347803,-14.70910415,0.668614124,179
90.71833333,138.64875,85.8669697,109.4347803,-14.72947733,1.035479063,179
89.44833333,138.64875,85.8669697,109.4347803,-1.689762178,0.360853926,178.9
89.44833333,138.64875,85.8669697,109.4347803,-1.721744673,0.776464329,178.9
89.44833333,138.64875,85.8669697,109.4347803,-1.710108716,0.329775374,178.9
89.44833333,138.64875,85.8669697,109.4347803,-1.702277441,0.535554878,178.9
89.44833333,138.64875,85.8669697,109.4347803,-1.741459938,0.30646652,178.9
89.44833333,138.64875,85.8669697,109.4347803,-1.685965545,0.621866961,178.9
83.6675,138.64875,85.8669697,109.4347803,10.2058743,0.300722399,172
83.6675,138.64875,85.8669697,109.4347803,10.18835234,0.07504462,172
83.6675,138.64875,85.8669697,109.4347803,10.21491991,-0.176044643,172
83.6675,138.64875,85.8669697,109.4347803,10.17842708,0.392086102,172
83.6675,138.64875,85.8669697,109.4347803,10.20596506,0.062710733,172
83.6675,138.64875,85.8669697,109.4347803,10.18594593,0.093430113,172
82.50666667,138.64875,85.8669697,109.4347803,-6.801757404,2.84554254,174.9
82.50666667,138.64875,85.8669697,109.4347803,-6.832245632,2.885313726,174.9
82.50666667,138.64875,85.8669697,109.4347803,-6.801675706,3.26625577,174.9
82.50666667,138.64875,85.8669697,109.4347803,-6.829237456,3.665429683,174.9
82.50666667,138.64875,85.8669697,109.4347803,-6.826497549,2.459471826,174.9
82.50666667,138.64875,85.8669697,109.4347803,-6.819394647,3.41077598,174.9
