Position,vc,cat,cont_1,cont_2,Fy
102.8563636,107.474697,-64.8753793,-15.4396455,0.432754859,44.46
102.8563636,107.474697,-64.8753793,-15.44464531,0.091865884,44.46
102.8563636,107.474697,-64.8753793,-15.43834666,0.455781354,44.46
102.8563636,107.474697,-64.8753793,-15.4360543,0.532964581,44.46
102.8563636,107.474697,-64.8753793,-15.44383744,1.058478281,44.46
102.8563636,107.474697,-64.8753793,-15.44168466,0.645175816,44.46
98.42083333,107.474697,-64.8753793,7.680231238,0.869314493,59.21
98.42083333,107.474697,-64.8753793,7.67829876,0.824697235,59.21
98.42083333,107.474697,-64.8753793,7.68047763,1.205485177,59.21
98.42083333,107.474697,-64.8753793,7.680008498,1.015168257,59.21
98.42083333,107.474697,-64.8753793,7.682592652,0.754770433,59.21
98.42083333,107.474697,-64.8753793,7.679564494,0.976422423,59.21
96.35583333,107.474697,-64.8753793,-26.93798392,0.714793937,49.71
96.35583333,107.474697,-64.8753793,-26.93591834,0.788207892,49.71
96.35583333,107.474697,-64.8753793,-26.93251881,0.996654266,49.71
96.35583333,107.474697,-64.8753793,-26.9357446,0.563299185,49.71
96.35583333,107.474697,-64.8753793,-26.92267291,0.060710281,49.71
96.35583333,107.474697,-64.8753793,-26.93460637,1.168201156,49.71
97.27833333,66.64222222,-64.8753793,-26.93144543,-0.142761763,50.85
97.27833333,66.64222222,-64.8753793,-26.93136512,-0.23386871,50.85
97.27833333,66.64222222,-64.8753793,-26.9284201,-0.081527834,50.85
97.27833333,66.64222222,-64.8753793,-26.92760795,-0.374978341,50.85
97.27833333,66.64222222,-64.8753793,-26.92677633,-0.429442559,50.85
97.27833333,66.64222222,-64.8753793,-26.92878936,-0.37715802,50.85
95.03916667,66.64222222,-64.8753793,7.66322948,-0.321385612,57.88
95.03916667,66.64222222,-64.8753793,7.660632228,-0.419646806,57.88
95.03916667,66.64222222,-64.8753793,7.668330855,0.073967343,57.88
95.03916667,66.64222222,-64.8753793,7.663273765,-0.338976189,57.88
95.03916667,66.64222222,-64.8753793,7.664992657,-0.113605895,57.88
95.03916667,66.64222222,-64.8753793,7.662471032,-0.2228679,57.88
88.75583333,66.64222222,-64.8753793,-15.44907147,-0.24171522,42.31
88.75583333,66.64222222,-64.8753793,-15.45557932,0.22700072,42.31
88.75583333,66.64222222,-64.8753793,-15.45545501,-0.873951357,42.31
88.75583333,66.64222222,-64.8753793,-15.44701815,2.531372282,42.31
88.75583333,66.64222222,-64.8753793,-15.45570119,-0.894721839,42.31
88.75583333,66.64222222,-64.8753793,-15.45374514,-0.380978262,42.31
90.815,66.995,-64.8753793,-26.93340041,-1.309357858,50.07
90.815,66.995,-64.8753793,-26.9334728,-1.175607546,50.07
90.815,66.995,-64.8753793,-26.93913061,-1.644836281,50.07
90.815,66.995,-64.8753793,-26.93713486,-1.534933222,50.07
90.815,66.995,-64.8753793,-26.93983218,-1.881309323,50.07
90.815,66.995,-64.8753793,-26.93739673,-1.483469203,50.07
91.29,66.995,-64.8753793,-15.45264808,-0.692990622,41.6
91.29,66.995,-64.8753793,-15.45358639,-0.929746741,41.6
91.29,66.995,-64.8753793,-15.44297851,-0.839126985,41.6
91.29,66.995,-64.8753793,-15.45935472,-0.397078554,41.6
91.29,66.995,-64.8753793,-15.45456978,-0.661475847,41.6
91.29,66.995,-64.8753793,-15.4561491,-0.725043557,41.6
69.85666929,66.995,-64.8753793,7.638221022,1.8289009,56.61
69.85666929,66.995,-64.8753793,7.637031474,2.19445741,56.61
69.85666929,66.995,-64.8753793,7.637058719,1.796027206,56.61
69.85666929,66.995,-64.8753793,7.636244585,2.223535989,56.61
69.85666929,66.995,-64.8753793,7.639172291,1.969394842,56.61
69.85666929,66.995,-64.8753793,7.637650539,1.773026076,56.61
98.42083333,66.995,-41.58240728,-15.45726025,-1.255098232,61.45
98.42083333,66.995,-41.58240728,-15.45853543,-1.304946815,61.45
98.42083333,66.995,-41.58240728,-15.46182763,-1.196454361,61.45
98.42083333,66.995,-41.58240728,-15.45096807,-1.374308658,61.45
98.42083333,66.995,-41.58240728,-15.46170819,-1.449415816,61.45
98.42083333,66.995,-41.58240728,-15.44977949,-0.73748225,61.45
96.35583333,66.995,-41.58240728,7.675302864,1.049169719,83.49
96.35583333,66.995,-41.58240728,7.670466896,2.318566549,83.49
96.35583333,66.995,-41.58240728,7.675087156,1.458061857,83.49
96.35583333,66.995,-41.58240728,7.673429602,1.541117224,83.49
96.35583333,66.995,-41.58240728,7.680235747,2.053450434,83.49
96.35583333,66.995,-41.58240728,7.673802498,1.476626817,83.49
97.27833333,66.995,-41.58240728,-26.93961528,2.09140183,69.27
97.27833333,66.995,-41.58240728,-26.93362687,1.846697264,69.27
97.27833333,66.995,-41.58240728,-26.93733644,1.681278792,69.27
97.27833333,66.995,-41.58240728,-26.93239777,2.147866022,69.27
97.27833333,66.995,-41.58240728,-26.93491985,2.194355712,69.27
97.27833333,66.995,-41.58240728,-26.93175019,2.3480043,69.27
95.03916667,66.64222222,-41.58240728,-26.93589785,0.089429927,70.27
95.03916667,66.64222222,-41.58240728,-26.93390547,-0.229098495,70.27
95.03916667,66.64222222,-41.58240728,-26.93742085,0.201358802,70.27
95.03916667,66.64222222,-41.58240728,-26.9375158,0.194820004,70.27
95.03916667,66.64222222,-41.58240728,-26.93593623,1.044913494,70.27
95.03916667,66.64222222,-41.58240728,-26.93593623,1.044913494,70.27
88.75583333,66.64222222,-41.58240728,-15.44403123,-1.187658834,56.55
88.75583333,66.64222222,-41.58240728,-15.45084498,-1.36430879,56.55
88.75583333,66.64222222,-41.58240728,-15.44705588,-1.578396152,56.55
88.75583333,66.64222222,-41.58240728,-15.44980239,-1.39884889,56.55
88.75583333,66.64222222,-41.58240728,-15.44659749,-1.425491034,56.55
88.75583333,66.64222222,-41.58240728,-15.44754883,-1.424567859,56.55
90.815,66.64222222,-41.58240728,7.596425,1.445036664,82.13
90.815,66.64222222,-41.58240728,7.584972234,1.524886761,82.13
90.815,66.64222222,-41.58240728,7.599788288,1.729537781,82.13
90.815,66.64222222,-41.58240728,7.579931885,1.971703735,82.13
90.815,66.64222222,-41.58240728,7.595749196,1.388033834,82.13
90.815,66.64222222,-41.58240728,7.591653508,1.407521729,82.13
91.29,107.474697,-41.58240728,-26.93441058,-1.209557322,70.44
91.29,107.474697,-41.58240728,-26.93509266,-0.966160706,70.44
91.29,107.474697,-41.58240728,-26.93612715,-1.235122667,70.44
91.29,107.474697,-41.58240728,-26.93584914,-1.182556006,70.44
91.29,107.474697,-41.58240728,-26.9362284,-1.021265979,70.44
91.29,107.474697,-41.58240728,-26.93542497,-1.069678591,70.44
69.85666929,107.474697,-41.58240728,7.601030128,-0.102656054,81.93
69.85666929,107.474697,-41.58240728,7.595626385,0.258156801,81.93
69.85666929,107.474697,-41.58240728,7.584574557,0.177383529,81.93
69.85666929,107.474697,-41.58240728,7.608248109,-0.411722768,81.93
69.85666929,107.474697,-41.58240728,7.605535099,-0.558678696,81.93
69.85666929,107.474697,-41.58240728,7.601145624,-0.163454,81.93
93.12545665,107.474697,-41.58240728,-15.44691893,-1.530700928,52.78
93.12545665,107.474697,-41.58240728,-15.4492286,-1.096602617,52.78
93.12545665,107.474697,-41.58240728,-15.44706319,-1.1880941,52.78
93.12545665,107.474697,-41.58240728,-15.45206841,-1.906668642,52.78
93.12545665,107.474697,-41.58240728,-15.45973701,-1.421208249,52.78
93.12545665,107.474697,-41.58240728,-15.461633,-0.95736494,52.78
102.8563636,107.474697,-29.25526093,-15.44518406,-0.365669779,62.91
102.8563636,107.474697,-29.25526093,-15.44827161,-0.526241941,62.91
102.8563636,107.474697,-29.25526093,-15.44254876,-0.403184236,62.91
102.8563636,107.474697,-29.25526093,-15.4469897,-0.380798795,62.91
102.8563636,107.474697,-29.25526093,-15.44409641,-0.325180488,62.91
102.8563636,107.474697,-29.25526093,-15.4448087,-0.366080159,62.91
98.42083333,107.474697,-29.25526093,7.715658777,1.119404007,100.7
98.42083333,107.474697,-29.25526093,7.714504583,1.37780138,100.7
98.42083333,107.474697,-29.25526093,7.708925435,1.348287296,100.7
98.42083333,107.474697,-29.25526093,7.716316084,1.185433039,100.7
98.42083333,107.474697,-29.25526093,7.71041165,1.192202511,100.7
98.42083333,107.474697,-29.25526093,7.708782585,1.941650057,100.7
96.35583333,107.474697,-29.25526093,-26.89282948,0.809286337,77.32
96.35583333,107.474697,-29.25526093,-26.89539477,-0.034037441,77.32
96.35583333,107.474697,-29.25526093,-26.90425306,0.692665253,77.32
96.35583333,107.474697,-29.25526093,-26.89796744,0.115303236,77.32
96.35583333,107.474697,-29.25526093,-26.91339759,1.069068711,77.32
96.35583333,107.474697,-29.25526093,-26.91563113,0.926830596,77.32
97.27833333,66.64222222,-29.25526093,-15.43003201,-0.177455009,60.35
97.27833333,66.64222222,-29.25526093,-15.44312751,-0.964032474,60.35
97.27833333,66.64222222,-29.25526093,-15.42847343,-0.331642236,60.35
97.27833333,66.64222222,-29.25526093,-15.4254796,-0.460110254,60.35
97.27833333,66.64222222,-29.25526093,-15.44263422,-0.461725691,60.35
97.27833333,66.64222222,-29.25526093,-15.44962505,-1.044369763,60.35
95.03916667,66.64222222,-29.25526093,-26.92135456,0.467807516,75.94
95.03916667,66.64222222,-29.25526093,-26.90520859,-1.364847189,75.94
95.03916667,66.64222222,-29.25526093,-26.90527055,-1.138913132,75.94
95.03916667,66.64222222,-29.25526093,-26.90754516,-0.752329861,75.94
95.03916667,66.64222222,-29.25526093,-26.93486821,1.131071953,75.94
95.03916667,66.64222222,-29.25526093,-26.94677318,2.890980079,75.94
88.75583333,66.64222222,-29.25526093,7.644270123,0.021298984,98.6
88.75583333,66.64222222,-29.25526093,7.67757071,0.151073758,98.6
88.75583333,66.64222222,-29.25526093,7.676089856,0.234872834,98.6
88.75583333,66.64222222,-29.25526093,7.645839619,-0.065961879,98.6
88.75583333,66.64222222,-29.25526093,7.678461238,0.60483991,98.6
88.75583333,66.64222222,-29.25526093,7.680218901,0.210794667,98.6
90.815,66.995,-29.25526093,7.646827943,-0.315333288,100.2
90.815,66.995,-29.25526093,7.684083363,-0.038730367,100.2
90.815,66.995,-29.25526093,7.683446722,0.114149148,100.2
90.815,66.995,-29.25526093,7.649295317,-0.178121428,100.2
90.815,66.995,-29.25526093,7.682189876,0.062633443,100.2
90.815,66.995,-29.25526093,7.682658325,0.135739672,100.2
91.29,66.995,-29.25526093,-15.44395418,-2.129447921,61.43
91.29,66.995,-29.25526093,-15.44419114,-2.088266129,61.43
91.29,66.995,-29.25526093,-15.43610854,-1.559701739,61.43
91.29,66.995,-29.25526093,-15.44516807,-1.653834728,61.43
91.29,66.995,-29.25526093,-15.44171323,-2.006364612,61.43
91.29,66.995,-29.25526093,-15.43699526,-1.659783202,61.43
69.85666929,66.995,-29.25526093,-26.93222749,-0.847205603,78.35
69.85666929,66.995,-29.25526093,-26.93572912,-0.795023479,78.35
69.85666929,66.995,-29.25526093,-26.93482327,-1.121552273,78.35
69.85666929,66.995,-29.25526093,-26.9295846,-0.643503123,78.35
69.85666929,66.995,-29.25526093,-26.92493262,0.264233533,78.35
69.85666929,66.995,-29.25526093,-26.93553805,-1.086730052,78.35
102.8563636,107.474697,-63.79977508,-26.88631165,0.557247818,55.46
102.8563636,107.474697,-63.79977508,-26.88550788,0.711973444,55.46
102.8563636,107.474697,-63.79977508,-26.88607022,0.550811436,55.46
102.8563636,107.474697,-63.79977508,-26.88439804,0.633764387,55.46
102.8563636,107.474697,-63.79977508,-26.88360972,0.743051757,55.46
102.8563636,107.474697,-63.79977508,-26.88360972,0.743051757,55.46
98.42083333,107.474697,-63.79977508,7.734426224,-0.678967832,61.07
98.42083333,107.474697,-63.79977508,7.717751479,-0.789691172,61.07
98.42083333,107.474697,-63.79977508,7.733221632,-0.835847294,61.07
98.42083333,107.474697,-63.79977508,7.730587506,-0.575552363,61.07
98.42083333,107.474697,-63.79977508,7.731076094,-0.581245037,61.07
98.42083333,107.474697,-63.79977508,7.731137297,-0.302333699,61.07
96.35583333,107.474697,-63.79977508,-15.41157471,-0.274973212,44.26
96.35583333,107.474697,-63.79977508,-15.42414638,-0.505625561,44.26
96.35583333,107.474697,-63.79977508,-15.41340272,-0.240894461,44.26
96.35583333,107.474697,-63.79977508,-15.41634927,-0.446468655,44.26
96.35583333,107.474697,-63.79977508,-15.41397562,-0.155838881,44.26
96.35583333,107.474697,-63.79977508,-15.41450541,-0.157326298,44.26
97.27833333,66.64222222,-63.79977508,7.657117673,0.515168933,59.87
97.27833333,66.64222222,-63.79977508,7.662346496,0.557837664,59.87
97.27833333,66.64222222,-63.79977508,7.709584791,-0.62263142,59.87
97.27833333,66.64222222,-63.79977508,7.658107901,0.750411314,59.87
97.27833333,66.64222222,-63.79977508,7.709772634,-0.614656652,59.87
97.27833333,66.64222222,-63.79977508,7.704521843,-0.710122957,59.87
95.03916667,66.64222222,-63.79977508,-26.89957045,-0.831949523,51.77
95.03916667,66.64222222,-63.79977508,-26.89819696,-0.393722528,51.77
95.03916667,66.64222222,-63.79977508,-26.91447621,0.2005122,51.77
95.03916667,66.64222222,-63.79977508,-26.89999124,-0.771844078,51.77
95.03916667,66.64222222,-63.79977508,-26.91642059,0.183434418,51.77
95.03916667,66.64222222,-63.79977508,-26.89766316,-1.089500772,51.77
88.75583333,66.64222222,-63.79977508,-15.4349654,-0.423801333,44.28
88.75583333,66.64222222,-63.79977508,-15.43619673,-0.541037867,44.28
88.75583333,66.64222222,-63.79977508,-15.43988327,-0.879695716,44.28
88.75583333,66.64222222,-63.79977508,-15.43585428,-1.023805307,44.28
88.75583333,66.64222222,-63.79977508,-15.43853993,-0.722046703,44.28
88.75583333,66.64222222,-63.79977508,-15.43678563,-0.642042744,44.28
90.815,66.995,-63.79977508,-26.91584008,-1.814485374,49.87
90.815,66.995,-63.79977508,-26.91592893,-1.744225482,49.87
90.815,66.995,-63.79977508,-26.91172821,-1.751533353,49.87
90.815,66.995,-63.79977508,-26.91449529,-1.812741679,49.87
90.815,66.995,-63.79977508,-26.91488726,-1.773149959,49.87
90.815,66.995,-63.79977508,-26.91718414,-1.931029647,49.87
91.29,66.995,-63.79977508,7.668834941,-1.074499775,59.72
91.29,66.995,-63.79977508,7.666961438,-0.783280394,59.72
91.29,66.995,-63.79977508,7.662108335,-0.718148933,59.72
91.29,66.995,-63.79977508,7.669654599,-1.106757781,59.72
91.29,66.995,-63.79977508,7.670256821,-1.128963994,59.72
91.29,66.995,-63.79977508,7.66980438,-0.752791688,59.72
69.85666929,66.995,-63.79977508,-15.42762012,-0.47828996,42.95
69.85666929,66.995,-63.79977508,-15.43186302,0.121457497,42.95
69.85666929,66.995,-63.79977508,-15.438593,-0.866796631,42.95
69.85666929,66.995,-63.79977508,-15.44152378,-1.156195506,42.95
69.85666929,66.995,-63.79977508,-15.43797903,-0.975597049,42.95
69.85666929,66.995,-63.79977508,-15.43051904,-0.741328573,42.95
102.8563636,66.995,-40.95199272,-26.90044835,-0.091323109,69.35
102.8563636,66.995,-40.95199272,-26.90597856,0.326364317,69.35
102.8563636,66.995,-40.95199272,-26.90837538,0.275772026,69.35
102.8563636,66.995,-40.95199272,-26.90398429,0.321748681,69.35
102.8563636,66.995,-40.95199272,-26.9072586,0.387803078,69.35
102.8563636,66.995,-40.95199272,-26.9072586,0.387803078,69.35
98.42083333,66.995,-40.95199272,7.643646062,-0.0822457,87.39
98.42083333,66.995,-40.95199272,7.669403405,-0.52780617,87.39
98.42083333,66.995,-40.95199272,7.674995549,-0.384337633,87.39
98.42083333,66.995,-40.95199272,7.669581248,-0.464751733,87.39
98.42083333,66.995,-40.95199272,7.670614337,-0.241561357,87.39
98.42083333,66.995,-40.95199272,7.665558611,-0.07583516,87.39
96.35583333,66.995,-40.95199272,-15.43538862,-0.726994951,57.9
96.35583333,66.995,-40.95199272,-15.43472601,-0.892003044,57.9
96.35583333,66.995,-40.95199272,-15.43553935,-0.90433717,57.9
96.35583333,66.995,-40.95199272,-15.4378028,-0.939544167,57.9
96.35583333,66.995,-40.95199272,-15.43457649,-0.873566103,57.9
96.35583333,66.995,-40.95199272,-15.43707756,-0.9845462,57.9
97.27833333,107.474697,-40.95199272,7.651207014,0.361468898,85.72
97.27833333,107.474697,-40.95199272,7.652150799,0.42885685,85.72
97.27833333,107.474697,-40.95199272,7.6525284,0.451704117,85.72
97.27833333,107.474697,-40.95199272,7.655806963,0.38400844,85.72
97.27833333,107.474697,-40.95199272,7.650174255,0.433267177,85.72
97.27833333,107.474697,-40.95199272,7.654189367,0.391137084,85.72
95.03916667,107.474697,-40.95199272,-26.92751291,-0.622118147,69.57
95.03916667,107.474697,-40.95199272,-26.9297301,-0.315333766,69.57
95.03916667,107.474697,-40.95199272,-26.9326985,-0.212251865,69.57
95.03916667,107.474697,-40.95199272,-26.93601011,-0.317487841,69.57
95.03916667,107.474697,-40.95199272,-26.93327965,-0.487855039,69.57
95.03916667,107.474697,-40.95199272,-26.93304675,-0.232714383,69.57
88.75583333,107.474697,-40.95199272,-15.44767519,-1.716351721,57.46
88.75583333,107.474697,-40.95199272,-15.44289069,-1.662451745,57.46
88.75583333,107.474697,-40.95199272,-15.44434744,-1.861307676,57.46
88.75583333,107.474697,-40.95199272,-15.44779484,-2.12326949,57.46
88.75583333,107.474697,-40.95199272,-15.44471981,-1.770867387,57.46
88.75583333,107.474697,-40.95199272,-15.44896198,-1.518880553,57.46
90.815,66.64222222,-40.95199272,-15.47064277,-1.767866471,58.82
90.815,66.64222222,-40.95199272,-15.47050111,-1.99013391,58.82
90.815,66.64222222,-40.95199272,-15.46984416,-1.749429769,58.82
90.815,66.64222222,-40.95199272,-15.46017716,-1.228711411,58.82
90.815,66.64222222,-40.95199272,-15.46504877,-1.959901721,58.82
90.815,66.64222222,-40.95199272,-15.46891656,-1.422593011,58.82
91.29,66.64222222,-40.95199272,-26.96371187,-1.004879742,69.67
91.29,66.64222222,-40.95199272,-26.97610706,-0.280895365,69.67
91.29,66.64222222,-40.95199272,-26.97001819,-0.481110454,69.67
91.29,66.64222222,-40.95199272,-26.96590162,-0.268894807,69.67
91.29,66.64222222,-40.95199272,-26.9707839,-0.894874268,69.67
91.29,66.64222222,-40.95199272,-26.96868853,-1.164964712,69.67
69.85666929,66.64222222,-40.95199272,7.624122537,1.594812608,82.13
69.85666929,66.64222222,-40.95199272,7.624687201,1.289515644,82.13
69.85666929,66.64222222,-40.95199272,7.625013919,1.73928137,82.13
69.85666929,66.64222222,-40.95199272,7.623840689,1.518039521,82.13
69.85666929,66.64222222,-40.95199272,7.625558391,2.039732024,82.13
69.85666929,66.64222222,-40.95199272,7.623909765,1.529501919,82.13
102.8563636,66.995,-29.59256521,-26.89065313,-1.428696781,77.48
102.8563636,66.995,-29.59256521,-26.89082508,-1.107886026,77.48
102.8563636,66.995,-29.59256521,-26.89308934,-0.888900907,77.48
102.8563636,66.995,-29.59256521,-26.89690765,-0.986393028,77.48
102.8563636,66.995,-29.59256521,-26.89793944,-1.006316907,77.48
102.8563636,66.995,-29.59256521,-26.89586105,-0.832590338,77.48
98.42083333,66.995,-29.59256521,-15.41874948,-1.512470253,62.01
98.42083333,66.995,-29.59256521,-15.42361043,-1.21809681,62.01
98.42083333,66.995,-29.59256521,-15.42078062,-1.511521474,62.01
98.42083333,66.995,-29.59256521,-15.42538288,-1.63457894,62.01
98.42083333,66.995,-29.59256521,-15.41455747,-1.480289298,62.01
98.42083333,66.995,-29.59256521,-15.40651343,-0.810051035,62.01
96.35583333,66.995,-29.59256521,7.661208031,0.941164935,96.77
96.35583333,66.995,-29.59256521,7.662470283,0.796183377,96.77
96.35583333,66.995,-29.59256521,7.662692263,0.484373219,96.77
96.35583333,66.995,-29.59256521,7.660388813,1.127174183,96.77
96.35583333,66.995,-29.59256521,7.663819649,0.684947241,96.77
96.35583333,66.995,-29.59256521,7.660332431,0.59135289,96.77
97.27833333,107.474697,-29.59256521,-15.42623059,-1.498546533,59.8
97.27833333,107.474697,-29.59256521,-15.42517943,-1.672708847,59.8
97.27833333,107.474697,-29.59256521,-15.42512547,-1.686658409,59.8
97.27833333,107.474697,-29.59256521,-15.42428832,-1.660887755,59.8
97.27833333,107.474697,-29.59256521,-15.42597311,-1.678375916,59.8
97.27833333,107.474697,-29.59256521,-15.42751658,-1.389387183,59.8
95.03916667,107.474697,-29.59256521,7.652469683,1.062401894,97.54
95.03916667,107.474697,-29.59256521,7.654036068,0.650176228,97.54
95.03916667,107.474697,-29.59256521,7.646990296,0.595070955,97.54
95.03916667,107.474697,-29.59256521,7.645649849,1.026989588,97.54
95.03916667,107.474697,-29.59256521,7.645649849,1.026989588,97.54
95.03916667,107.474697,-29.59256521,7.655981235,0.609507471,97.54
88.75583333,107.474697,-29.59256521,-26.93009991,-1.978903143,78.87
88.75583333,107.474697,-29.59256521,-26.9328024,-1.842614457,78.87
88.75583333,107.474697,-29.59256521,-26.93070693,-1.893360611,78.87
88.75583333,107.474697,-29.59256521,-26.93372215,-1.842793924,78.87
88.75583333,107.474697,-29.59256521,-26.92777833,-1.764790176,78.87
88.75583333,107.474697,-29.59256521,-26.93042524,-1.925336495,78.87
90.815,66.64222222,-29.59256521,-15.4270849,-0.691659935,62.81
90.815,66.64222222,-29.59256521,-15.43250331,-0.830128299,62.81
90.815,66.64222222,-29.59256521,-15.42851171,-0.335308854,62.81
90.815,66.64222222,-29.59256521,-15.43039736,-0.842410978,62.81
90.815,66.64222222,-29.59256521,-15.43670292,-0.900183121,62.81
90.815,66.64222222,-29.59256521,-15.43470333,-0.713378957,62.81
91.29,66.64222222,-29.59256521,7.644231908,0.07409608,98.16
91.29,66.64222222,-29.59256521,7.635583938,0.709512122,98.16
91.29,66.64222222,-29.59256521,7.64240591,0.551299105,98.16
91.29,66.64222222,-29.59256521,7.642895141,0.374982717,98.16
91.29,66.64222222,-29.59256521,7.641797342,0.447447892,98.16
91.29,66.64222222,-29.59256521,7.643239229,0.263977255,98.16
69.85666929,66.64222222,-29.59256521,-26.95326736,-1.479673131,77.17
69.85666929,66.64222222,-29.59256521,-26.93751177,-1.942798575,77.17
69.85666929,66.64222222,-29.59256521,-26.94110514,-2.11834589,77.17
69.85666929,66.64222222,-29.59256521,-26.94342603,-2.262224567,77.17
69.85666929,66.64222222,-29.59256521,-26.93857551,-1.901694073,77.17
69.85666929,66.64222222,-29.59256521,-26.9412065,-2.147039454,77.17
102.8563636,107.474697,-63.09941375,7.668547823,1.699458499,61.8
102.8563636,107.474697,-63.09941375,7.681636762,1.454548862,61.8
102.8563636,107.474697,-63.09941375,7.665588965,1.77005172,61.8
102.8563636,107.474697,-63.09941375,7.665798746,1.806925361,61.8
102.8563636,107.474697,-63.09941375,7.667087597,1.994498838,61.8
102.8563636,107.474697,-63.09941375,7.6635117,2.291334082,61.8
98.42083333,107.474697,-63.09941375,24.77704123,2.218715522,52.39
98.42083333,107.474697,-63.09941375,24.76075756,2.130019167,52.39
98.42083333,107.474697,-63.09941375,24.76817312,2.029065259,52.39
98.42083333,107.474697,-63.09941375,24.75923848,2.962650338,52.39
98.42083333,107.474697,-63.09941375,24.7605271,3.323463193,52.39
98.42083333,107.474697,-63.09941375,24.76532936,2.161405205,52.39
96.35583333,107.474697,-63.09941375,35.07519431,1.723306469,56.16
96.35583333,107.474697,-63.09941375,35.06048083,3.501497673,56.16
96.35583333,107.474697,-63.09941375,35.05942462,4.167428503,56.16
96.35583333,107.474697,-63.09941375,35.06057614,3.431160969,56.16
96.35583333,107.474697,-63.09941375,35.05916082,3.95223826,56.16
96.35583333,107.474697,-63.09941375,35.06054366,3.818795672,56.16
97.27833333,107.474697,-63.09941375,7.647191635,0.984320379,61.15
97.27833333,107.474697,-63.09941375,7.651813764,0.942369753,61.15
97.27833333,107.474697,-63.09941375,7.65192986,1.096659156,61.15
97.27833333,107.474697,-63.09941375,7.639148972,1.465036638,61.15
97.27833333,107.474697,-63.09941375,7.642761975,1.316208757,61.15
97.27833333,107.474697,-63.09941375,7.646655017,0.974986691,61.15
95.03916667,107.474697,-63.09941375,-15.46355498,-0.359105377,45.96
95.03916667,107.474697,-63.09941375,-15.46387769,-0.564654207,45.96
95.03916667,107.474697,-63.09941375,-15.46363484,-0.450622943,45.96
95.03916667,107.474697,-63.09941375,-15.45957434,-0.871669263,45.96
95.03916667,107.474697,-63.09941375,-15.46494316,-0.528319204,45.96
95.03916667,107.474697,-63.09941375,-15.46520119,-0.766356714,45.96
88.75583333,107.474697,-63.09941375,24.75943136,-0.023832264,49.88
88.75583333,107.474697,-63.09941375,24.74717705,-0.55442271,49.88
88.75583333,107.474697,-63.09941375,24.74753111,-0.886464711,49.88
88.75583333,107.474697,-63.09941375,24.74818241,-1.457390345,49.88
88.75583333,107.474697,-63.09941375,24.74603104,-1.282586978,49.88
88.75583333,107.474697,-63.09941375,24.74904825,-1.175479048,49.88
90.815,107.474697,-63.09941375,-15.49106677,0.524067354,44.64
90.815,107.474697,-63.09941375,-15.49032166,-0.47044369,44.64
90.815,107.474697,-63.09941375,-15.49149233,-0.657734329,44.64
90.815,107.474697,-63.09941375,-15.4849257,-0.44490371,44.64
90.815,107.474697,-63.09941375,-15.48844282,-0.301050397,44.64
90.815,107.474697,-63.09941375,-15.48770621,-0.319256185,44.64
91.29,107.474697,-63.09941375,35.00558063,2.063605359,54.71
91.29,107.474697,-63.09941375,35.01110609,1.993935313,54.71
91.29,107.474697,-63.09941375,35.00139688,2.412212586,54.71
91.29,107.474697,-63.09941375,35.00157676,1.814080087,54.71
91.29,107.474697,-63.09941375,35.00484835,2.827130726,54.71
91.29,107.474697,-63.09941375,35.00446103,2.490318988,54.71
102.8563636,107.474697,-41.24737769,7.748458067,0.126969987,86.76
102.8563636,107.474697,-41.24737769,7.721542253,0.304619692,86.76
102.8563636,107.474697,-41.24737769,7.719609937,0.529912935,86.76
102.8563636,107.474697,-41.24737769,7.726179537,0.045504214,86.76
102.8563636,107.474697,-41.24737769,7.723576577,0.770489056,86.76
102.8563636,107.474697,-41.24737769,7.732219005,0.344493532,86.76
98.42083333,107.474697,-41.24737769,35.11961819,0.772335406,75.7
98.42083333,107.474697,-41.24737769,35.11884503,1.206562215,75.7
98.42083333,107.474697,-41.24737769,35.12917732,0.825286842,75.7
98.42083333,107.474697,-41.24737769,35.12762957,0.984320379,75.7
98.42083333,107.474697,-41.24737769,35.12004715,0.80997836,75.7
98.42083333,107.474697,-41.24737769,35.12651387,0.703460276,75.7
96.35583333,107.474697,-41.24737769,24.82802586,0.249847748,65.95
96.35583333,107.474697,-41.24737769,24.81687013,0.193921955,65.95
96.35583333,107.474697,-41.24737769,24.8130013,1.092915487,65.95
96.35583333,107.474697,-41.24737769,24.81146755,0.623892061,65.95
96.35583333,107.474697,-41.24737769,24.81012127,1.030168775,65.95
96.35583333,107.474697,-41.24737769,24.824034,0.198434937,65.95
97.27833333,107.474697,-41.24737769,35.10227703,0.130688052,74.33
97.27833333,107.474697,-41.24737769,35.11043976,0.269566796,74.33
97.27833333,107.474697,-41.24737769,35.12683921,-0.198815576,74.33
97.27833333,107.474697,-41.24737769,35.13327859,-0.459469439,74.33
97.27833333,107.474697,-41.24737769,35.10929492,-0.059167519,74.33
97.27833333,107.474697,-41.24737769,35.11745251,-0.245869029,74.33
95.03916667,107.474697,-41.24737769,-15.4316702,0.433934074,55.74
95.03916667,107.474697,-41.24737769,-15.43848004,-0.264382781,55.74
95.03916667,107.474697,-41.24737769,-15.43262154,-0.125273124,55.74
95.03916667,107.474697,-41.24737769,-15.43429537,-0.354284671,55.74
95.03916667,107.474697,-41.24737769,-15.43400987,0.138380938,55.74
95.03916667,107.474697,-41.24737769,-15.43432291,-0.074424555,55.74
88.75583333,107.474697,-41.24737769,24.79076603,-0.362926097,64.97
88.75583333,107.474697,-41.24737769,24.79039124,-0.174019304,64.97
88.75583333,107.474697,-41.24737769,24.78904454,-0.332078458,64.97
88.75583333,107.474697,-41.24737769,24.79660047,-0.621298105,64.97
88.75583333,107.474697,-41.24737769,24.79193458,-0.277024393,64.97
88.75583333,107.474697,-41.24737769,24.79014015,-0.297948499,64.97
90.815,107.474697,-41.24737769,7.66293293,0.296671005,84.62
90.815,107.474697,-41.24737769,7.664854217,0.711332629,84.62
90.815,107.474697,-41.24737769,7.664854217,0.711332629,84.62
90.815,107.474697,-41.24737769,7.67036951,0.009887555,84.62
90.815,107.474697,-41.24737769,7.671988034,0.964191429,84.62
90.815,107.474697,-41.24737769,7.670091187,0.112610762,84.62
91.29,107.474697,-41.24737769,-15.44586211,-0.508497262,55.01
91.29,107.474697,-41.24737769,-15.45017195,-0.884259667,55.01
91.29,107.474697,-41.24737769,-15.44784379,-1.121066037,55.01
91.29,107.474697,-41.24737769,-15.45142621,-0.875233704,55.01
91.29,107.474697,-41.24737769,-15.44921222,-0.793972762,55.01
91.29,107.474697,-41.24737769,-15.45238904,-1.158247643,55.01
102.8563636,107.474697,-1.053686157,35.04881147,1.111918342,117.5
102.8563636,107.474697,-1.053686157,35.05025717,1.723615389,117.5
102.8563636,107.474697,-1.053686157,35.06061691,3.876133026,117.5
102.8563636,107.474697,-1.053686157,35.03565146,0.392190191,117.5
102.8563636,107.474697,-1.053686157,35.04886765,1.189127173,117.5
102.8563636,107.474697,-1.053686157,35.05854513,0.659793231,117.5
98.42083333,107.474697,-1.053686157,35.0139847,-0.80384461,114
98.42083333,107.474697,-1.053686157,35.02180673,-0.10180969,114
98.42083333,107.474697,-1.053686157,35.01547821,-0.584474715,114
98.42083333,107.474697,-1.053686157,35.01950434,-0.113143352,114
98.42083333,107.474697,-1.053686157,35.02409923,0.203077133,114
98.42083333,107.474697,-1.053686157,35.02009718,0.343725176,114
96.35583333,107.474697,-1.053686157,-15.43216603,-1.00777872,81.01
96.35583333,107.474697,-1.053686157,-15.42668266,-1.206198667,81.01
96.35583333,107.474697,-1.053686157,-15.4270343,-1.110527292,81.01
96.35583333,107.474697,-1.053686157,-15.43527606,-1.117963183,81.01
96.35583333,107.474697,-1.053686157,-15.43950139,-0.928749144,81.01
96.35583333,107.474697,-1.053686157,-15.44039522,-1.040857007,81.01
97.27833333,107.474697,-1.053686157,7.569812819,-1.499290242,107.7
97.27833333,107.474697,-1.053686157,7.580602706,-1.171761222,107.7
97.27833333,107.474697,-1.053686157,7.581791742,0.025760279,107.7
97.27833333,107.474697,-1.053686157,7.583733981,-0.491444846,107.7
97.27833333,107.474697,-1.053686157,7.573312668,0.484142784,107.7
97.27833333,107.474697,-1.053686157,7.583999639,-0.516548842,107.7
95.03916667,107.474697,-1.053686157,7.58361172,0.044966293,106.1
95.03916667,107.474697,-1.053686157,7.578608006,-0.147428129,106.1
95.03916667,107.474697,-1.053686157,7.57633868,-0.827641373,106.1
95.03916667,107.474697,-1.053686157,7.576180047,-0.389004238,106.1
95.03916667,107.474697,-1.053686157,7.578733922,-0.466751468,106.1
95.03916667,107.474697,-1.053686157,7.577111338,-0.750509115,106.1
88.75583333,107.474697,-1.053686157,24.74266209,-1.149195359,83.26
88.75583333,107.474697,-1.053686157,24.74417724,-1.238302332,83.26
88.75583333,107.474697,-1.053686157,24.74808676,-1.150349209,83.26
88.75583333,107.474697,-1.053686157,24.74438057,-0.592193922,83.26
88.75583333,107.474697,-1.053686157,24.74927767,-1.197197592,83.26
88.75583333,107.474697,-1.053686157,24.74871168,-1.231045669,83.26
90.815,107.474697,-1.053686157,-15.45386606,-0.583193563,72.78
90.815,107.474697,-1.053686157,-15.44699286,-0.744970543,72.78
90.815,107.474697,-1.053686157,-15.4500195,-0.303564121,72.78
90.815,107.474697,-1.053686157,-15.45134534,-0.492881294,72.78
90.815,107.474697,-1.053686157,-15.45227595,-0.807178855,72.78
90.815,107.474697,-1.053686157,-15.45113659,-0.660761327,72.78
91.29,107.474697,-1.053686157,24.74975699,-1.387540355,81.94
91.29,107.474697,-1.053686157,24.75573707,-1.346076681,81.94
91.29,107.474697,-1.053686157,24.75543917,-1.30969047,81.94
91.29,107.474697,-1.053686157,24.7553891,-1.209121338,81.94
91.29,107.474697,-1.053686157,24.74868625,-1.320870508,81.94
91.29,107.474697,-1.053686157,24.75421482,-1.560446404,81.94
102.8563636,107.474697,13.8433034,24.81113146,-1.238764159,110.1
102.8563636,107.474697,13.8433034,24.80425829,-1.622732006,110.1
102.8563636,107.474697,13.8433034,24.79960908,-0.861642835,110.1
102.8563636,107.474697,13.8433034,24.79247218,-1.006650236,110.1
102.8563636,107.474697,13.8433034,24.79067006,-1.413798679,110.1
102.8563636,107.474697,13.8433034,24.80055993,-1.095654555,110.1
98.42083333,107.474697,13.8433034,-15.42565351,-1.523137495,89.53
98.42083333,107.474697,13.8433034,-15.42970642,-1.46903221,89.53
98.42083333,107.474697,13.8433034,-15.42604195,-1.462365392,89.53
98.42083333,107.474697,13.8433034,-15.41629427,-1.74045597,89.53
98.42083333,107.474697,13.8433034,-15.42273998,-1.930055264,89.53
98.42083333,107.474697,13.8433034,-15.43114276,-1.332948595,89.53
96.35583333,107.474697,13.8433034,7.651972812,-0.890131568,121.6
96.35583333,107.474697,13.8433034,7.665662245,0.224282881,121.6
96.35583333,107.474697,13.8433034,7.644586925,-0.942903538,121.6
96.35583333,107.474697,13.8433034,7.649609868,0.194819526,121.6
96.35583333,107.474697,13.8433034,7.656598215,0.38367535,121.6
96.35583333,107.474697,13.8433034,7.655822849,-0.19732792,121.6
97.27833333,107.474697,13.8433034,7.642081489,0.425625977,117.6
97.27833333,107.474697,13.8433034,7.634466449,-0.19917427,117.6
97.27833333,107.474697,13.8433034,7.640787292,0.348263283,117.6
97.27833333,107.474697,13.8433034,7.638732273,0.433498329,117.6
97.27833333,107.474697,13.8433034,7.63847537,0.134483407,117.6
97.27833333,107.474697,13.8433034,7.638682078,1.255923845,117.6
95.03916667,107.474697,13.8433034,35.07452748,-1.505494994,105.2
95.03916667,107.474697,13.8433034,35.06966337,-1.616782576,105.2
95.03916667,107.474697,13.8433034,35.06499137,-1.820972247,105.2
95.03916667,107.474697,13.8433034,35.07059424,-1.884795758,105.2
95.03916667,107.474697,13.8433034,35.06470187,-1.911489587,105.2
95.03916667,107.474697,13.8433034,35.06732943,-2.198682939,105.2
88.75583333,107.474697,13.8433034,-15.4221685,-1.662888206,79.79
88.75583333,107.474697,13.8433034,-15.42580839,-1.792484232,79.79
88.75583333,107.474697,13.8433034,-15.42558583,-1.67342719,79.79
88.75583333,107.474697,13.8433034,-15.42360164,-1.551139037,79.79
88.75583333,107.474697,13.8433034,-15.42707742,-1.725198935,79.79
88.75583333,107.474697,13.8433034,-15.42079232,-1.701992735,79.79
90.815,107.474697,13.8433034,24.78600123,-2.2684822,89.44
90.815,107.474697,13.8433034,24.78664583,-2.278482546,89.44
90.815,107.474697,13.8433034,24.78600173,-2.260584244,89.44
90.815,107.474697,13.8433034,24.78828911,-2.117833811,89.44
90.815,107.474697,13.8433034,24.78638595,-2.252276147,89.44
90.815,107.474697,13.8433034,24.784386,-2.063985043,89.44
91.29,107.474697,13.8433034,35.06776304,-2.539982294,100.5
91.29,107.474697,13.8433034,35.06999892,-2.405052529,100.5
91.29,107.474697,13.8433034,35.06876474,-2.429925373,100.5
91.29,107.474697,13.8433034,35.07429537,-2.496954392,100.5
91.29,107.474697,13.8433034,35.06949379,-2.322638216,100.5
91.29,107.474697,13.8433034,35.06859904,-2.349049924,100.5
102.8563636,107.474697,174.1615109,-15.43064564,1.812669243,201.9
102.8563636,107.474697,174.1615109,-15.42205834,1.103172828,201.9
102.8563636,107.474697,174.1615109,-15.43103851,1.804976596,201.9
102.8563636,107.474697,174.1615109,-15.41638851,2.200663118,201.9
102.8563636,107.474697,174.1615109,-15.41976936,1.355467147,201.9
102.8563636,107.474697,174.1615109,-15.41794671,0.966319422,201.9
98.42083333,107.474697,174.1615109,24.81202764,0.418113752,193.4
98.42083333,107.474697,174.1615109,24.7957262,0.788207892,193.4
98.42083333,107.474697,174.1615109,24.81443385,1.056452942,193.4
98.42083333,107.474697,174.1615109,24.81595764,0.688562651,193.4
98.42083333,107.474697,174.1615109,24.79645444,0.56988943,193.4
98.42083333,107.474697,174.1615109,24.79482561,0.661278976,193.4
96.35583333,107.474697,174.1615109,-15.41213024,1.786412353,190.1
96.35583333,107.474697,174.1615109,-15.40218997,0.366803117,190.1
96.35583333,107.474697,174.1615109,-15.40332987,0.133688729,190.1
96.35583333,107.474697,174.1615109,-15.39981583,0.284516824,190.1
96.35583333,107.474697,174.1615109,-15.39652237,0.778669611,190.1
96.35583333,107.474697,174.1615109,-15.3940822,0.479013635,190.1
97.27833333,107.474697,174.1615109,7.659597662,0.355289033,191
97.27833333,107.474697,174.1615109,7.653809141,0.829568911,191
97.27833333,107.474697,174.1615109,7.657648211,0.213846074,191
97.27833333,107.474697,174.1615109,7.659750078,0.053633084,191
97.27833333,107.474697,174.1615109,7.655210176,0.084429276,191
97.27833333,107.474697,174.1615109,7.649656103,1.003551997,191
95.03916667,107.474697,174.1615109,35.0673325,0.805311277,187.5
95.03916667,107.474697,174.1615109,35.0673325,0.805311277,187.5
95.03916667,107.474697,174.1615109,35.06720564,0.468012586,187.5
95.03916667,107.474697,174.1615109,35.05892895,0.107097077,187.5
95.03916667,107.474697,174.1615109,35.07772048,0.678459173,187.5
95.03916667,107.474697,174.1615109,35.07495113,0.349621964,187.5
88.75583333,107.474697,174.1615109,35.06840069,0.925471199,182.8
88.75583333,107.474697,174.1615109,35.05665171,0.779438207,182.8
88.75583333,107.474697,174.1615109,35.06156691,0.917316964,182.8
88.75583333,107.474697,174.1615109,35.06523907,-0.282922376,182.8
88.75583333,107.474697,174.1615109,35.06628047,0.902623932,182.8
88.75583333,107.474697,174.1615109,35.06127383,1.361236633,182.8
90.815,107.474697,174.1615109,24.78036972,3.452905355,173
90.815,107.474697,174.1615109,24.78398905,3.035397395,173
90.815,107.474697,174.1615109,24.78287564,3.18322529,173
90.815,107.474697,174.1615109,24.78276857,2.586528762,173
90.815,107.474697,174.1615109,24.78695942,2.524987346,173
90.815,107.474697,174.1615109,24.78188271,2.380005549,173
91.29,107.474697,174.1615109,7.639622586,0.386162276,181.1
91.29,107.474697,174.1615109,7.639978175,0.321825732,181.1
91.29,107.474697,174.1615109,7.643352367,0.445754926,181.1
91.29,107.474697,174.1615109,7.633837438,1.1282249,181.1
91.29,107.474697,174.1615109,7.634522057,0.907470242,181.1
91.29,107.474697,174.1615109,7.640914884,0.68627984,181.1
102.8563636,107.474697,221.2102163,35.09155968,0.493220432,243.7
102.8563636,107.474697,221.2102163,35.08588676,0.810646452,243.7
102.8563636,107.474697,221.2102163,35.08109232,0.495733201,243.7
102.8563636,107.474697,221.2102163,35.07648815,1.082967783,243.7
102.8563636,107.474697,221.2102163,35.09166277,0.732899221,243.7
102.8563636,107.474697,221.2102163,35.07516608,1.325031083,243.7
98.42083333,107.474697,221.2102163,-15.43061878,0.31085172,224.2
98.42083333,107.474697,221.2102163,-15.42847892,-0.405388802,224.2
98.42083333,107.474697,221.2102163,-15.43073241,3.792666085,224.2
98.42083333,107.474697,221.2102163,-15.42911033,3.60701577,224.2
98.42083333,107.474697,221.2102163,-15.43119607,1.762333708,224.2
98.42083333,107.474697,221.2102163,-15.4348045,-0.096808801,224.2
96.35583333,107.474697,221.2102163,7.662151864,0.186716978,232
96.35583333,107.474697,221.2102163,7.665336783,0.870110126,232
96.35583333,107.474697,221.2102163,7.65774804,0.806978639,232
96.35583333,107.474697,221.2102163,7.653331337,0.512758819,232
96.35583333,107.474697,221.2102163,7.651710895,1.202895836,232
96.35583333,107.474697,221.2102163,7.658165178,0.282439799,232
97.27833333,107.474697,221.2102163,24.78892353,2.56019506,229.7
97.27833333,107.474697,221.2102163,24.77762315,2.412315957,229.7
97.27833333,107.474697,221.2102163,24.77337115,2.613966778,229.7
97.27833333,107.474697,221.2102163,24.79353394,2.58204234,229.7
97.27833333,107.474697,221.2102163,24.78659979,2.590401884,229.7
97.27833333,107.474697,221.2102163,24.77726957,2.877877358,229.7
95.03916667,107.474697,221.2102163,-15.42248793,0.893522352,217
95.03916667,107.474697,221.2102163,-15.41791948,1.057018379,217
95.03916667,107.474697,221.2102163,-15.41604237,0.493041444,217
95.03916667,107.474697,221.2102163,-15.42099881,1.1792034,217
95.03916667,107.474697,221.2102163,-15.41537764,0.668614124,217
95.03916667,107.474697,221.2102163,-15.41981852,1.035479063,217
88.75583333,107.474697,221.2102163,35.09056467,0.360853926,226.3
88.75583333,107.474697,221.2102163,35.08352803,0.776464329,226.3
88.75583333,107.474697,221.2102163,35.08576651,0.329775374,226.3
88.75583333,107.474697,221.2102163,35.08736831,0.535554878,226.3
88.75583333,107.474697,221.2102163,35.07949924,0.30646652,226.3
88.75583333,107.474697,221.2102163,35.09115325,0.621866961,226.3
90.815,107.474697,221.2102163,7.650460264,0.300722399,221.4
90.815,107.474697,221.2102163,7.646426028,0.07504462,221.4
90.815,107.474697,221.2102163,7.652421976,-0.176044643,221.4
90.815,107.474697,221.2102163,7.644980553,0.392086102,221.4
90.815,107.474697,221.2102163,7.650244547,0.062710733,221.4
90.815,107.474697,221.2102163,7.646181854,0.093430113,221.4
91.29,107.474697,221.2102163,24.79051767,2.84554254,221.2
91.29,107.474697,221.2102163,24.78454695,2.885313726,221.2
91.29,107.474697,221.2102163,24.79028683,3.26625577,221.2
91.29,107.474697,221.2102163,24.78514154,3.665429683,221.2
91.29,107.474697,221.2102163,24.78541929,2.459471826,221.2
91.29,107.474697,221.2102163,24.7871925,3.41077598,221.2
